评论,时间
包装礼盒：很可爱很好 非常不错 送给*** 奶奶很喜欢 保佑平安健康！ 外观设计：端庄优雅  做工形式：做工很细致 很精细 很漂亮,2026年3月10日
项链特别精美，又显高档，女人要带玉，要靠玉养。是正品！,2026年3月11日
好看 适合女生带 ，质量靠谱，很喜欢,2026年3月5日
真心不错，很喜欢的款式，中国黄金值得信赖，是真玉石，做工也精美。,2026年3月12日
挺好看的，个人很喜欢，下次还会回购 整体评价： 包装礼盒： 包装礼盒：,2026年4月9日
非常好看戴上去非常有气质做工也非常仔细喜欢的朋友们快去下单吧他好看特别好特别好看非常喜欢非常喜欢非常喜,2026年2月7日
是预期想要的效果，到货戴着去参加公司年会，非常幸运的中了个二等奖😀😀😀,2026年2月9日
很好👌很喜欢😘形状非常的满意，下次还回购,2026年3月12日
很好看哦，送妈**，我觉得很合适，还有小的礼品袋，证书也是齐全的,2026年1月31日
还可以吧买回来随便带带说不上很满意有钱的可以买贵点得,2026年3月22日
产品特别好 手感非常不错性价比很高很推荐,2026年2月9日
成色很好，不错很满意，早就想很老婆买了,2026年2月8日
挺好看的，价格也不贵，金珠还是足金的，不用担心会掉色了，虽然只有0.05克金，但也很划算了！玉也很润，编绳也很漂亮，可以闭眼入！,2026年1月4日
特别好看，很喜欢，妈妈也很喜欢,2026年3月4日
非常好看，很适合戴着，并且货真价实,2026年1月28日
很好看，价格适中，项链配色不错，佛公笑容爆满，颜色非常透亮。喜欢喜欢,2025年12月29日
不错可以购买的,2026年4月1日
货已收到，样式很喜欢，挺满意的，物流也快,2025年12月8日
很喜欢  质感很好  ,2025年11月7日
很好看 朋友很喜欢 方便佩戴 很不错的项链,2025年11月3日
高端大气上档，送朋友了,2025年11月12日
质感看起来非常好，挺适合我的对女生有好处,2025年10月22日
买了一个多月了吧，挺好看的，服务态度很好！值得购买,2025年10月15日
外观设计：超级好 整体评价：超级好 包装礼盒：超级好 做工形式：超级好,2025年10月18日
有点小，光泽也没有很好，一般吧。,2026年3月13日
和佛有缘，已收到，甚是欢喜，望从此开始庇佑家人万事顺心如意健康长寿福运常青财运亨通滚滚来，阿弥陀佛🙏🙏🙏🙏🙏🙏🙏🙏🙏,2025年9月13日
定个项链虽然颜色暗了点，但还是很不错的，客服务也好，挺好的一次购物。,2025年9月11日
特别好，玉挺好的，包装也好，很高级,2025年9月17日
弥勒佛笑口常开，给人带来愉悦，和田玉晶莹透亮的雕工也很细腻 ，玉佛的寓意也很好哦~非常和我的眼缘，玉质细腻油润，颜色很纯正，黑绳上面搭配的金珠是足金的材质，佩戴起来显白又好看，真的很喜欢~,2025年3月10日
是不是玉不知道，只要没有毒就行，证书上还写了玛瑙，不知道玛瑙指的是弥勒佛，还是链子上的小珠子，但是实物还是很好看的，送人的，包装也可以,2025年6月2日
玉看着不错很好，我很喜欢,2025年6月28日
和图片无差别，很好,2025年7月10日
和田玉弥勒佛项链堪称送礼佳品！玉扣莹润通透，弥勒佛神态生动*真，笑面盈盈超有灵气，寓意诸事顺遂、喜乐常伴，是最暖心的祝福。设计简约大气，男女老少都能戴，日常搭配超百搭，正品带权威证书，包装精美还配礼品袋，送出去既有质感又显诚意！,2026年2月9日
整体评价：很满意 包装礼盒：中国黄金礼盒送人有面子 外观设计：玉佛栩栩如生,2025年10月7日
项链绳子不是很好，吊坠还可以,2025年9月16日
美观优雅华丽,2025年4月9日
莹透柔和泛柔光，质地致密，古典造型韵味足,2025年5月22日
非常满意  太漂亮了,2025年6月30日
货收到了，很不错，送人也挺好的，对方很喜欢,2025年9月21日
非常不错，玉质感很强，戴着非常好看，而且很精致的！,2025年7月8日
该用户觉得商品非常好，给出5星好评,2025年7月2日
该用户觉得商品非常好，给出5星好评,2025年6月30日
很好看，推荐推荐！,2025年7月13日
挺好的,2025年9月25日
戴上好看，小巧玲珑，价格实惠，下次还会再来,2025年8月8日
与广告宣传有所差距 但友友说喜欢 快递加收3元物流费,2025年5月23日
货已收到，物美廉价，挺好的，物流也很快，很满意。点赞👍👍,2025年4月11日
没想到那么好，不敢在二姐直播间买东西了，买一次退一次，这家的好不用退货,2025年6月9日
试戴了一下，效果很好，细润，手感好，光泽度也好！值得推荐。,2025年7月4日
质量很好 戴起来也好看 值得购买,2025年8月6日
宝贝已经收到了，非常满意,2025年8月15日
不懂分真假，看起来可以，老人家喜欢,2025年5月27日
超级差的购物体验，买来送生日礼物的，结果物流跟商家预计时间不符，不推荐购买,2025年9月19日
选礼闭眼入这款和田玉弥勒佛项链！天然和田玉质地醇厚，无杂无裂手感温润，弥勒佛造型圆润讨喜，雕刻线条流畅自然，藏着豁达吉祥、平安纳福的美好祝福。做工精细打磨光滑，佩戴舒适不磨肤，礼盒包装大气有面儿，不管送谁都超合适，走心又高级！,2026年2月7日
玉佛收到了，很喜欢，也很漂亮，支持,2025年6月21日
和图片相符，好看，长辈非常喜欢,2025年8月10日
质量很好，有鉴定书，价格实惠，值得拥有,2025年6月19日
女朋友生日给她买的，笑脸弥勒佛寓意满满，绝绝子！款式设计不错，这和田玉看起来质感就很好，转运珠看着也很大气，价格也很实惠，很适合女朋友，佩戴起来非常好看，还赠送了中国黄金证书+品牌礼盒，包装也很精美别致，很大气。！,2025年5月17日
本来还挺满意，第一次的圆润润，第二次就开始敷衍了，可以看下对比图，尺寸不对，厚薄不对，虽然争吵过后让赔付10块钱，还是忍不住想告诉大家，慎重吧，如果不是因为母亲节临近，是绝对不会留下的，花钱买教训呗,2025年5月10日
质感较好，款式新颖，比较好看。,2025年8月4日
项链挺好看的，有黄金认证证书，玉的颜色也不错,2025年6月30日
给老妈买的生日礼物，很衬肤色，很好看，妈妈非常喜欢,2025年9月9日
收到货，第一时间拆包装📦，质量非常好💯，与卖家描述一致，完全超出我的期望值，包装很仔细、严实🛡️，总的来说这次是很满意的一次购物，感谢。,2026年3月10日
我在购物时备注了绳子稍微比正常的长一点，因为我脖子比较粗结果没当回事,2025年7月10日
包装特别走心，很大气有档次，女友特别开心，项链很好看，是和田玉+足金的，光泽很不错，质感也很好，看着就很值钱，长度可以自由调节，而且佩戴特别舒服，细腻，做工的非常的优秀，看来我的眼光还是可以的，蛮不错的一次购物体验，客服的服务也很好,2025年5月17日
该用户未填写评价内容,2025年5月11日
感觉还是可以的！这个价格买到手不错。给个好评,2025年6月6日
很漂亮，有鉴定书，应该是和田玉！,2025年9月19日
感觉是假的,2025年6月3日
。  外观设计还可以，好看，玉佛小了一点。,2025年9月27日
本来还挺满意，第一次的圆润润，第二次就开始敷衍了，可以看下对比图，尺寸不对，厚薄不对，虽然争吵过后让赔付10块钱，还是忍不住想告诉大家，慎重吧，如果不是因为母亲节临近，是绝对不会留下的，花钱买教训呗,2025年5月10日
不错，收到后看到真心的喜欢，包装也很精致,2025年6月2日
很好，颜色很好看，淡绿色，送妈**礼物,2025年6月29日
收到商品挺满意！物有所值！值得购买！,2025年6月22日
喜欢，玉的质感不错😌，而且有黄金的认证书，好看,2025年7月1日
孩子送给妈**生日礼物，太喜欢了，爱了爱了🥰,2025年6月3日
挺好看的，我妈很喜欢😍😍😍,2025年5月28日
不错的一次购物，这款项链款式设计好看，孩子很喜欢，值得购买推荐。,2025年8月8日
送人的，非常喜欢,2025年6月9日
做工精美，价格适中，外形好看，特别推荐,2025年5月29日
和视频一样，非常满意。,2025年6月18日
质量非常好，与卖家描述的完全一致，真的很喜欢，完全超出期望值，发货速度非常快，包装非常仔细、严实，物流公司服务态度很好，运送速度很快，很满意的一次购物质量很好，希望更多的朋友信赖.店主态度特好，我会再次光顾的好卖家赞，发货迅速，态度很好，很满意!很好很好!网上购物这么激烈，没想到店家的服务这么好，商品质量好而价低廉，很热情的卖家，下次还来希望下次还有机会合作祝你生意兴隆，质量非常好，出乎我的意料包装非常仔细,2026年2月25日
很好,2025年9月20日
包装礼盒：还可以 外观设计：美观 整体评价：五星好评,2026年4月16日
评论,时间
宝贝很好哦快递很快因该是正品吧,2026年4月12日
这个玉佩很好，色泽润，细腻。值得购买。下次会再来买。,2026年4月5日
佛公料子细腻，白润，很满意。希望佛保佑平安好运！,2025年10月31日
玉佛拿到手白润细腻，雕工不错，笑容满面的，包装精美，还送了礼品。,2025年10月23日
玉佛质地细腻，有光泽，整体看着就很漂亮，雕工也不错，送给家人的，非常满意。,2025年5月12日
挺好的玉佛，大小刚好，整体温润，戴上身很舒适，润润的。,2024年12月8日
佛公摸起来温润，雕工不错，白润光滑，戴上效果很好，太喜欢了,2024年11月28日
这个佛公我很喜欢，大小合适，白润细腻，真的很好看呀,2024年11月20日
玉佛非常喜欢，品质不错，下次有需要还来。,2025年5月24日
一眼就相中这款玉佛，羊脂白玉，很好，很润，感谢客服小姐姐的耐心解答，收到很满意 ,2024年12月21日
玉佛佩戴舒适，大小刚好，日常搭配很不错。,2025年4月28日
手感不错，玉质温润，包装证书齐全，愿玉佛保佑平安顺遂，心想事成。,2024年11月26日
做工很好，配的绳子看着挺上档次的,2025年3月24日
做工精细，肚子圆润，佛公笑口常开，看着开心。,2024年12月11日
已经戴上玉佛了，好看，拿去开了光，愿佛保佑平安健康！,2024年11月19日
点赞，佛公品质在线，油润没有杂质，很喜欢😊😊,2024年12月10日
玉质很好，雕刻得玉佛有佛意，玉看着细腻很润，佩戴起来好看。 ,2025年1月9日
佛公收到了，白润细腻，品质不错，可以入手。,2024年11月8日
玉佛买着看看的，没想到玉真的很不错，也很润，做工非常精细，真的很喜欢！,2025年1月12日
东西收到后，感觉挺惊喜了。我自己拍了另外一个品牌的，和这个对比感觉没有这个白，所以留下了这款。整体感觉佩戴很有气质，是好东西。反正也是有证书，查了一下出证机构也是正规公司。,2025年6月8日
质量上乘，细节之处尽显品质，玉佛戴起来非常好！,2024年12月16日
已收到，戴上玉佛很满意！店家还送了手串，也好看。,2024年11月15日
羊脂玉佛公油润细腻，佛公笑口常开，非常好。,2025年8月18日
玉润饱满，色泽不错，手感很润！佩戴好看，必须点赞。,2025年3月29日
很漂亮，佛公很喜欢！客服也特别耐心，值得入手。 ,2024年11月12日
买的玉佛已经戴上了，质地细腻油润，让人看了舒适静心，挺不错的。,2024年12月2日
 非常漂亮，很喜欢这个羊脂白玉佛，物超所值！ ,2024年12月11日
实物非常好看，非常通透，自己换了银项链，推荐购买,2025年3月30日
打过灯，没荧光反应。主要老板服务态度好，沟通顺畅，也发了白些的过来。,2025年5月17日
不知道值不值这个价，感觉太小了，不懂真不真,2025年2月13日
玉佛大小合适，玉质细腻温润，包装很好，还送了一条玛瑙手串，有质检证书，服务态度很好。,2025年1月16日
"好喜欢，同事说我戴起来很不错,整体很满意。",2024年11月11日
很满意，对比了好几家，这一家的佛公雕工非常生动，细节完美，手感也好。,2024年11月13日
玉佛玉质白净，油性好，佩戴几天感觉越来越润。,2025年4月29日
雕工非常好，戴起来舒适，和田玉也很白润，包装也可以。,2024年11月15日
收到打开是礼盒包装，很适合我拿来送人，玉佛色泽很漂亮，而且有证书。,2024年12月1日
玉质细腻，摸起来挺光滑油润，佛公雕刻细致，喜乐喜乐的。,2024年12月10日
佛公玉质细腻，油润感强，收到货很满意，推荐入手。,2025年6月25日
收到这家羊脂白玉佛公比其他家要好，有证书，包装也高档，推荐，而且有运费险保障不错。,2025年6月10日
品质一如既往的好，老客户了，买玉都是在这家店买，很放心。,2025年9月28日
收到货了，很喜欢，堂妹戴上很合适，玉的油润度看的出，手感可以，是真的天然和田玉，这个价格合适👍🏻👍🏻,2025年3月14日
 这家很不错，第一次买和田玉，很润，佛公跟描述一样，值得推荐！,2024年11月7日
和田玉佛公油性足，手感温润，这个品质对得起价格。,2025年4月29日
羊脂白玉佛公油润细腻，戴着舒服，朋友看了都觉得挺不错的。,2025年9月2日
很喜欢，羊脂白玉油润，戴上佛公也好看，显肤色白！ ,2025年1月22日
收到货了，佛公做工很不错，很喜欢和田玉温润和质感，摸起来很润，证书礼品也配有，品牌靠谱。,2025年1月7日
玉佛玉质不错，家人很喜欢，有带鉴定证书，查过也问过朋友，是真玉,2024年11月28日
 拿到手感觉挺不错的，雕刻玉佛纹理清晰，搭配的绳子也好看，佩戴也很喜欢。,2024年11月25日
羊脂玉佛公收到了，玉品质很好，佛公开脸慈祥，很喜欢。​ ,2025年6月6日
挑了3款和田玉佛公，入手这款羊脂玉的，特别细腻，油润，没有杂质，太喜欢了，已经安利给我朋友了！,2024年11月22日
佛公挺好的，自然光下很不错，有光泽，感觉很温润，也找人看了是真的和田玉，值得推荐。,2025年1月8日
这个玉佛实在是太棒了，无杂质，很润，雕工不错！,2025年3月27日
 很合眼缘，店家很靠谱，佛公品质在线，很满意的一次购物,2024年11月8日
收到货了，打开包装非常满意，玉的表面白润，无杂质，玉佛品质很好。,2025年3月14日
佛公雕工细致，料子很好，摸起来手感很顺滑，色泽润白。,2025年5月10日
玉佛很油润，佩戴很舒心，价格合理，质量很棒。,2024年11月9日
已经观望很久这款玉佛了，跟店家聊很多，想了想还是下单回来看看，收到货看了品质，还是不错的，没瑕疵，家人也喜欢就留下了。,2025年1月3日
一眼就相中了，给家人请的玉佛收到了，温润细腻，品质很好，底子细腻，非常喜欢！,2025年3月19日
是我喜欢的玉佛，料子很好，已经戴上了，效果不错！,2024年11月12日
朋友说玉养人，买了这款玉佛，戴下感觉挺不错的！很温润。,2024年12月3日
佛公造型饱满，细节雕刻处理不错，看着舒服，很满意。,2025年4月26日
 挺好的，看着不错，拿着玉佛温润细腻，品质很好。,2024年11月25日
收到就拿去鉴定机构检测了，鉴定结果是和田玉，是真的，想买玉可以选择这家。玉佛佩戴舒适，最近遇事燥，请佛安心下。,2024年11月22日
包装的不错，很喜欢，摸着滑滑的，还送了一个串珠,2025年6月4日
包装很赞，玉佛送人很合适，玉质也很温润，大小也合适，这个价钱很值得,2024年12月27日
玉佛公雕工细腻，羊脂玉油润度很好，物有所值。,2025年4月16日
玉佛品相工艺不错，整体很满意，服务也很好，推荐,2025年3月17日
和田玉质地细腻，手感不错，玉佛戴上身也不错，爱了,2024年12月11日
还不错，玉佛很润，戴起来也合适，性价比高，老板还送了小礼物。还会光顾的。,2025年3月12日
和田玉佛公很白润，质量非常好，有配证书，物流挺快的。,2024年11月19日
很喜欢，小巧精致，值得推荐。。,2025年5月13日
物流给力，有证书包装也漂亮，玉佛质量不错，物超所值！,2024年11月29日
回购了玉佛，品质不错，油润细腻，靠谱,2024年11月19日
收到羊脂白玉佛公了，雕工精细，玉质温润，性价比高。​,2025年8月18日
佛公喜笑颜开，看着舒适，羊脂白玉油润，挺好的，包装也很上档次。,2025年5月11日
收到玉佛了，玉白油润，品质很不错,2025年8月23日
惊喜，品质很棒的玉佛，跟图片一样，满意,2024年11月19日
收到玉佛确实油润，玉质细腻，留下了,2025年5月21日
佛公玉质细腻，油脂感强，品质很不错，这个价位很满意。​,2025年6月13日
喜欢！玉佛品质物超所值的，收到之后马上就佩戴了起来。一次非常满意的购物！,2024年12月3日
玉料细腻，佩戴玉佛上身很显档次，很符合我的期待，满意,2025年5月10日
感觉还可以，油润度色泽都不错，没有杂质，白润，品质挺好的。,2024年11月26日
评论,时间
商品有收到了感覺上有點小了說，沒其他問題，手感好，摸着很舒服。,2026年3月27日
手感好，摸着很舒服。性价比超高，值得购买。,2026年3月23日
摸起来手感不错，里面会有一些白点点，整体还是不错的。客服态度很好,2026年3月15日
玉质清透感还行，圆润顺滑。 美观大方，虽然感觉有点不太大，但佩戴感觉还不错的。佩戴绳可自由调节，方便使用。 整体感觉还不错的。,2026年3月1日
手感不错，颜色偏白，整体性价比还可以,2026年3月9日
超级美超级喜欢，像一颗透明的冰凉薄荷糖，绿色也是我想要的～,2026年3月3日
挺好看的，偏白，摸起来蛮润的。,2026年3月8日
很好，就选的小的挂在项链上，很合适,2026年4月13日
这个价格能买到这样的，我还蛮满意的，挂坠很显白,2026年4月12日
买的这款最小的，不喜欢这个绳子，还没戴，新的一年平平安安健健康康,2026年1月23日
颜色偏青，有细纹，总体符合这个价位的质量,2026年3月9日
色泽、饱满度、大小都合适，不错,2026年1月13日
买来送给老公的礼物，老公喜欢,2026年3月31日
做工很细致，戴上显档次，确实很好看,2026年1月27日
已经带上了，性价比很高，质量也很好，很喜欢！,2026年2月27日
收到货特别惊喜，真的很漂亮。,2026年3月22日
玉质很细腻，摸起来特别顺滑。但是感觉价格稍高，此品质与价格大约2：1,2026年2月8日
颜色很清楚，收到货很开心。,2026年2月18日
很小，一分价一份货，但也耐看，没鉴定真假,2026年2月5日
商品不错书羽客服很喜欢,2026年3月4日
是，收到货后我很放心。,2026年3月1日
感觉玉没有想象中大,2026年3月14日
送给弟弟的生日礼物，收到实物特别漂亮，大小也合适，客服小七很专业哦，推荐介绍都非常到位，开心开心,2026年1月1日
还可以 换了个编绳,2026年1月24日
东西收到了，质感还可以,2026年2月8日
比想的小一点，不懂玉，看不出来好坏，不过手感不错,2026年1月3日
實體非常漂亮 值得回購 雖然無法挑選 ,2026年3月20日
给儿子买的，本命年，保平安。,2026年3月7日
小鸿客服态度很好，商品质量也很好，好评。,2026年1月15日
款式挺好的，我很喜欢,2026年3月29日
这个商品，怎么说呢，我觉得的呢，可以,2025年12月24日
大小合适，玉佩挺亮的，性价比挺高的,2026年1月5日
做工很细致，性价比高,2026年1月21日
给麻麻的生日礼物哦麻麻生日快乐！,2026年1月7日
女朋友很喜欢，以后买更好的,2026年1月21日
看着挺好看的,2026年1月3日
挺好看的，有质感。,2025年12月30日
挺厚实，第一次发的有瑕疵又换了一个,2025年12月16日
玉佩很喜欢很好看，拿到手就爱不释手立刻佩戴了。白起客服及时处理解决差价问题👍🏻👍🏻👍🏻👍🏻,2025年11月24日
挺好的，不错，价位不高。买个平安,2025年12月16日
项链收到了，是送给宝贝女儿的礼物，我们都非常满意！也非常感谢客服鲁班的服务！,2025年11月5日
很好看 没有瑕疵 很喜欢,2025年11月20日
该用户未填写评价内容,2025年10月28日
很有分量，冰冰的,2025年11月24日
很好看，小的刚刚好,2025年11月11日
好看戴上了,2025年11月2日
可以，挺好看的,2025年11月2日
我刚戴了三天绳子就断了,2026年3月31日
该用户未填写评价内容,2026年3月2日
还能发错货，服了，懒得换了,2026年3月26日
线不结实,2026年4月4日
东西可以，就是才买不到一周就降价，补不了差价，价 给个中评吧,2026年1月1日
这个做工对吗,2025年10月28日
带着玩吧,2026年4月14日
整体评价：还行 佩戴体验：还没戴，看着不错 产品性价比：性价比还可以，不贵 产品质量：应该还行吧，绳子看着挺粗的 外观设计：满意 ,2024年11月7日
这款挺有分量的，属于物美价廉，有需要的可以冲,2024年4月21日
无语了，买了没几天，降了一百多，而且当时佩珠款没货，不得已买了编绳款，结果现在降到那么低，我真的。。。。,2024年5月21日
真是不错，219元买的，质量又好又便宜,2024年4月23日
好看，送给朋友的，自己重新换了编绳更高级了！很高大上～希望朋友平平安安！,2025年6月2日
总体来说，我对这块玉非常满意。它不仅美观大方，尽显品味，而且还能带给我一种宁静安详的感觉。如果你也在寻找一块具有独特魅力的玉，我强烈推荐你考虑这款。,2024年10月4日
该用户未填写评价内容,2024年11月29日
这款玉坠温润如玉，色泽自然，每一块都仿佛蕴含着大自然的灵气。佩戴起来既显气质又显品味，真是让人爱不释手。无论是自用还是送礼，都是极佳的选择!,2024年10月5日
很有质感,2025年4月28日
漂亮，孩子喜欢就好啦，推荐,2025年6月10日
收到了自己换了细点的绳加了个小金珠，完美！,2025年5月2日
整体评价：戴玉就图个平安如意 产品质量：这个不太懂，用手机灯照了一下，里边有像棉花一样丝丝絮絮的东西 外观设计：很漂亮，对我来说，大小正合适 ,2024年4月21日
还不错，发的顺丰速度也很快，喜欢平安扣很久了，这个价格也很合理，不错不错,2025年7月3日
该用户未填写评价内容,2024年12月11日
圆润，其他不懂,2025年6月23日
精致且好看，品质也不错。带着很好看，送人也可以。飞燕小姐姐服务态度非常好，好评,2025年10月3日
收到的仪式感还是很足的，送人的也喜欢,2024年11月3日
该用户未填写评价内容,2024年12月19日
很好，十分喜欢  到货也很快非常棒,2025年6月18日
质地很好，非常喜欢。,2025年8月10日
整体评价：还好吧 产品性价比：可以 外观设计：我挺喜欢的 ,2024年5月22日
很漂亮，和田玉很透，佩戴好看，也适合送人、价格也不贵，值得购买,2024年10月28日
送给妈妈和婆婆的，好看,2025年5月13日
产品很好，质量非常好，很好看很好搭配，包装也很用心，物流也很快，值得购买，推荐。,2024年10月24日
不错。。。。。。。。。 ,2024年5月27日
挺漂亮的,2025年3月16日
1.顺丰发货 2.包装精美，漂亮外壳！ 3.有鉴定证书 4.光泽漂亮,2024年10月24日
收到玉很好，特意跟客服说帮我挑好一点的，很温润的感觉，快递超给力，品牌店可靠,2024年11月17日
图片与实物不符，还碎了 ,2024年8月17日
还挺不错的，有分量，质感也很好，五星好评,2025年1月22日
一般,2025年3月10日
整体评价：不错 ,2024年11月19日
东西可以，就是2个玉的颜色给我弄错了,2024年11月9日
该用户未填写评价内容,2025年4月25日
玉质很细腻，摸起来特别顺滑。,2026年1月31日
服务态度可以，玉也不错,2025年8月25日
元歌客服很有耐心，产品也是很不错，喜欢喜欢,2025年8月6日
该用户未填写评价内容,2024年11月16日
东西不错很满意 孙膑客服很专业,2024年11月13日
和田玉，玉质圆润，手感好。很好看！,2025年8月29日
整体评价：挺好，油性糯性都不错 佩戴体验：时尚 外观设计：外观大气 ,2024年10月20日
好漂亮，送人的，喜欢😍，想给自己再买一个了，,2024年9月18日
平安扣很好看，玉的手感摸着也很不错，大小很适合女生，质量很好，很喜欢，赵飞燕客服服务态度很 好！非常推荐。,2024年5月21日
喜欢，蛮好看的,2024年9月19日
没有说的那么厚比较薄。,2025年2月23日
送人的，看起来挺好的，物流也快，客服态度也好，下次还会在回购的,2024年4月25日
还不错！,2025年6月8日
买大品牌的还是放心，而且价格也不贵，和田玉通透，尺寸女士戴也合适，平安扣，平平安安，高端大气上档次，很好，可以闭眼入。,2025年1月22日
给孩子的成年礼，愿孩子一生平安，买的小号，大小刚好，玉的色泽是青白色,2024年4月27日
东西不错，还有优惠，可以放心省钱购买，不要犹豫了宝贝真不错，做的真细心，值得拥有，快递很快材质很好，质量也不错，到货也很快,2024年8月18日
很好看,2025年2月14日
这款和田玉吊坠挺好看的 价格也很实惠 买来送给妈** 她很喜欢,2024年8月11日
该用户未填写评价内容,2024年9月11日
给妈妈买的母亲节礼物妈妈超级喜欢,2025年5月13日
挺好的，里面有棉,2024年9月11日
该用户未填写评价内容,2024年12月6日
大品牌，值得信赖，超级好看的平安扣，这价格很值,2025年3月15日
性价比很高，功能也很好，喜欢得不得了！,2025年6月14日
大小合适，但是颜色不通透，有很多棉絮,2024年9月12日
一下子买了两，这个价格，性价比超高，温温润润的，冰凉，还得相信周大生,2025年7月7日
宝贝收到了，太惊喜了，质量非常好，性价比很高，真是出乎我的意料！,2024年10月8日
带上挺好看,2024年11月6日
不太懂玉石，第一次买！不过我买的25mm，觉得太小了！适合小朋友戴 ,2025年5月25日
有瑕疵 但这价格也差不多了,2025年10月9日
看起来不错，妈妈很喜欢，大点的感觉更大气,2025年5月12日
该用户未填写评价内容,2025年2月9日
宝贝收到啦，实物真的好看，价格非常实惠，强烈推荐这款，超级喜欢，商品质量好，发货也挺快的，总之就是很赞了,2025年5月31日
这个玉坠货真价实，送礼和自用都倍有牌面儿，赶紧买来试试吧！,2025年6月20日
东西收到了，物超所值，值得拥有,2024年11月8日
该用户未填写评价内容,2025年3月6日
父亲节的礼物，女儿们送的！爸爸很喜欢！,2025年6月17日
还行吧，大款没想的那么大，其他都还可以,2025年2月15日
很好看,2024年8月30日
这款产品看很久了，最终下手了，超级喜欢，吕布客服服务态度很好!! !I产品非常推荐,2024年7月22日
这个必须好评，看的我喜欢,2024年9月10日
吊坠很好看 很漂亮，冰冰凉凉的好舒服,2025年8月11日
送婆婆的，她说可以，喜欢，到货玉比较温润，货描相符,2025年6月2日
实物比图片更美！正宗和田玉，证书齐全可验。 扣体浑圆无杂裂，佩戴舒适不冰肤。 包装精致，自留赠礼两相宜。 诚信之选，五星力荐！,2025年6月23日
很好看，物超所值，喜欢的姐妹可以冲😁,2024年4月18日
产品收到啦，很不错，非常喜欢，值得拥有！！,2025年6月2日
买来送人，还没送,2024年8月25日
刚收到货，看了一下挺好的，不过据说玉石是比较冰的，摸着倒是没太大感觉，其它的都挺好的，妈妈很喜欢,2024年11月5日
整体评价：快递很快，包装很好 外观设计：大气又很有重量，精致 ,2024年11月5日
蛮喜欢的，摸起来润润的，没有荧光反应,2025年3月15日
玉打磨的很好，品质很好，配送也很快适合送礼,2024年10月24日
项链真的很好看，玉摸起来也很有质感，买来送人的包装也很不错 整体评价：很好 佩戴体验：很好 产品性价比：很好 产品质量：很好 外观设计：很好 ,2024年5月3日
该用户未填写评价内容,2025年3月2日
第一次买的有印子，客服很爽快地帮忙换了一块好的过来。材质很好，发的顺丰快递，到货很快，大品牌值得信赖,2024年4月23日
好看爱看，周大生东西还是不错滴，国庆节带出来玩啦，靓女出游啦,2024年10月1日
大版的男生戴适合，女生买小版，都有质检报告，值得买！,2024年11月11日
挺好,2024年5月21日
整体评价：购物很成功！商品质量不错，卖家服务态度好，发货速度快，给个大大的赞，下次还会继续购买！热情周到，发货速度快，推荐给大家！包装高级，送女朋友的不二之选 ,2024年11月14日
买了三盒，比想象中的要漂亮，过年送给小朋友,2026年2月5日
好看,2025年2月28日
送给妈**母亲节礼物！！色泽很好 包装也很精致～,2025年6月7日
整体评价：还不错挺好看的，喜欢周大生一如既往的好 ,2024年4月20日
送给朋友的礼物 朋友非常喜欢  玉石的水头也很漂亮，值得购买,2024年11月10日
非常好,2025年8月6日
   在周大生官方旗舰店购买的这款平安坠，从包装到产品本身，无不透露着精致与高雅。坠子的设计简约而不失华美，每一个细节都处理得恰到好处，既时尚又富有深意，完美诠释了对平安的美好祈愿。佩戴起来舒适贴肤，无论是自用还是赠予亲友，都是传递祝福的上佳之选。客服的耐心解答与周到服务，更是让人购物体验满分。真心推荐给每一位追求品质与寓意并重的朋友们，值得拥有!客服赵飞燕非常耐心细致的讲解非常棒！ ,2024年6月9日
外观设计漂亮，尺寸大小太小，包装仔细完整，宝贝手感不好，货不对板！给力！5星好差评！,2024年5月10日
包装很严实，而且很好看，一开始担心绳子不会很粗，到手看刚刚好，很喜欢，买的一周年礼物🎁，期待对方会喜欢！,2024年11月5日
很好看 戴着感觉很高端舒适 比想象中的要大,2024年11月6日
还可以，青白玉，青色占比会多一些，很好看，朋友很喜欢,2024年9月27日
整体评价：好 ,2024年8月10日
收到货，第一时间拆包装，质量非常好，与卖家描述一致，完全超出我的期望值，包装很仔细、严实，总的来说这次是很满意的一次购物，感谢卖家。,2024年10月5日
玉石的透度非常好  佩戴很好看 颜色也很好看。,2024年11月15日
第一次买的小版的，觉得太小了，退货重新下单了大版，也就是我在评价的这款，但是我小版退货的时候，商家说我退回的不是他们的商品给我拒收了也不退款 ！！         给出的理由和证据如图1，内容是商品不一致，且重量不符；我很生气，明明是原样退回的就试戴了下怎么可能不是他们的商品？？找客服理论无果，如图2。        幸亏我退货前自己也拍了照片如图3，仔细一看发现与附带证书上货不对版（我收到的小版有白色小珠子，而证书没有，并且我现在大版确实没有白色小珠子），而且小版调节绳结是双边的两个，我现在的同款大版只有中间一个，并且大小版直径看起来相差很大（这就是我的粗心，小版当时拿到手没称重量也没量直径）。         我合理怀疑，他们绝对是给我发错货了，我翻了店铺别的商品，很像是另一个链接里的迷你版商品，商家在没搞清状况情况下说我寄回的不是他们家的不退我款！最后是平台介入，平台退款给我了，商家一直没有承认！        最后的最后，奉劝大家拿到手，一定要复称，要测量直径和厚度，家里没有电子秤的还是不要买了，退货的、自留的都留个心眼，事儿不大，膈应人。,2025年7月4日
送朋友的感觉很好看，挺润的，很喜欢,2025年6月15日
不错,2025年8月4日
大款超级薄 这也太薄了,2025年4月22日
这质量真是太意外了，实物美美哒，触感很好，很推荐哦~,2024年5月25日
非常好的，很高级，其实我觉得这个价格这个品质已经很好了，保个平安嘛,2025年3月31日
该用户未填写评价内容,2024年11月3日
晶莹透亮 带上很好看 百搭,2024年7月12日
买来送给朋友的，玉挺好看的，养人。,2024年11月8日
成色很好，挺喜欢的，送给婆婆当母亲节礼物的,2025年5月11日
好看，很喜欢,2025年6月13日
玉佩还可以 ，就是有点薄,2025年8月23日
还可以,2024年8月25日
该用户觉得商品非常好，给出5星好评,2024年9月16日
料子很好呀 水灵灵的很喜欢 客服宝宝白起特别好 耐心的解答疑虑和处理 这次购物很开心,2025年8月18日
很喜欢感觉不错，就是配绳感觉有点不行配不上玉。,2024年9月23日
戴上很显气质，朋友都夸好看。,2026年3月6日
好！戴上气质温婉~,2024年8月14日
很好 就是礼品袋没给我发,2024年11月2日
有质检报告 质感挺好的 还有盒子 打算送女朋友的礼物 建议购买,2025年4月29日
14号买的 502块钱 今天降价不承认 客服一直答非所问 一直说没有能力解决 是差价几十块钱不是几块钱 而且玉的品质也就一般般 价格浮动那么大 我也是无语了。。。。。家人们不要买这一家,2025年5月20日
很好，戴上简约美观大方，支持周大生。,2024年8月23日
挺好看的，稍微有点色差，不过不影响，绳子再长点就更好了，整体很喜欢！,2024年5月22日
特别好看，有瑕疵也帮忙换货,2024年9月18日
质感很亮，好看，满意,2025年2月11日
很好看，摸起来也很舒服，也没有发现瑕疵，物流也很快,2024年9月9日
小孩戴着挺好看,2025年10月1日
在预计之前发货了，而且到的很快，虽然体积小但是质感看着还不错，礼盒和礼袋也都比较漂亮，买来送人的,2025年6月2日
很漂亮，价格实惠，款式圆润很适合日常佩戴。很喜欢很推荐哦！,2024年11月7日
找老师鉴定过了，是真的和田玉很值这个价格。非常好看,2025年9月27日
收到！非常好！谢谢！.,2025年8月13日
很喜欢，客服也及时沟通解决问题很迅速 白起客服及时处理解决差价问题,2025年9月23日
东西收到了，感觉不错，看起来温润，有点淡绿色，质地细腻，朋友很喜欢。好评一下。,2024年10月27日
孩子很喜欢，回来就打开戴着，可以收缩，任意调节，还有小盒子，小袋子，不错,2024年11月8日
该用户觉得商品还不错,2025年6月2日
太好看了，太精美了。男朋友爱不释手，一直带着。,2024年10月9日
非常不错 很漂亮的玉😍,2025年4月7日
价格给大家做个参考。,2025年10月15日
产品性价比很高，外观简单大气上档次，低调奢华有内涵，真不戳,2024年4月23日
整体评价：很好看戴着也很舒服 ,2024年4月21日
收到货之后看着有点小，但是女生带刚刚好，带上后就觉得很小，大小刚合适，绳子也不觉得勒脖子,2025年7月13日
宝贝很好看，色泽比较均匀，开始的时候发来的比较绿，不满意，想要白1点的客服小姐姐还专门备注了，挑了一个比较白的，很满意。,2025年5月31日
大小正合适，戴着很舒服。,2026年3月4日
好,2025年2月5日
挺好看的。质量也很好，佩戴很舒适。值得入手。性价比高。,2024年9月18日
玉的颜色和花纹都很漂亮，实物比图片还要精致。店主的服务态度很好，解答了我很多问题。物流也非常给力，好评满分！,2024年11月3日
很好看，很精致，很漂亮，太喜欢了，下次还会再买一个，真的很好看。,2025年5月8日
我对这个商品的质量非常满意，卖家的服务态度也很好，发货速度快，白起客服处理售后问题也很快速，很愉快的购物体验。,2025年9月17日
该用户未填写评价内容,2025年3月16日
大小正合适，戴着很舒服。,2026年3月28日
看着还可以 送妈**,2025年5月13日
玉质很细腻，摸起来特别顺滑。,2026年2月2日
外观设计：用手电筒照了看没有裂痕也没有杂质特别好送给弟弟的他很喜欢 ,2024年10月26日
很满意产品 客服小琥珀也很耐心 值得入手 ,2024年4月27日
很好！大牌子，相信他们，而且客服很耐心，物品也很好,2025年3月12日
很漂亮的玉 摸着也有质感 挺好的,2025年7月5日
是绿色并不是白色，挂绳已坏。。。,2025年4月18日
整体评价：很好 很不错 佩戴体验：特别好看 外观设计：款式新颖 ,2024年6月8日
物美价廉值得拥有，款式新颖时尚潮流大气上档次，很喜欢！,2024年6月12日
佩戴体验：妈妈很喜欢 推荐嘻嘻 ,2024年5月12日
不识玉，但感觉不错，符合预期。附了鉴定证书。,2025年9月19日
很好，看起来大气，很喜欢。,2025年5月7日
挺喜欢的,2025年9月27日
整体评价：收到的商品和图片颜色色差太大，怀疑是先有图片，再有商品。肉眼可见，这款400多的和200多的颜色一致。但客服说没发错，我个人建议不联系客服看实物商品，勿拍 ,2025年3月12日
买送妈**，妈妈很喜欢，但是玉里面有很多黑点，介意勿拍。买之前看过很多买家秀没发现有人提到这个问题😂,2025年4月20日
很漂亮，成色不错，母亲节送老妈非常合适！,2025年5月11日
照片可能看不出来，实物真的是越带越润呢。我才待了一周多，收到货的时候就特别满意，看着降价了，又买了一个，下次还来。,2025年9月21日
好看,2024年8月7日
给妈妈买的，戴着非常漂亮，妈妈很喜欢，推荐购买。,2024年9月3日
佩戴体验：真的很不错     ,2024年12月28日
挺好看的，有问题客服热情解决,2025年7月16日
宝贝收到，一如既往的好，包装很到位，质量还不错，很喜欢，大品牌值得信赖非常满意的购物体验，产品外观时尚，质量上乘，性价比高，物流快速，商家服务周到。,2025年1月26日
玉石细度不太够。出差了过了七天无理由就那样吧,2024年9月20日
不错 喜欢,2025年6月28日
是正品，有鉴定书，玉的手感很好，做工精细，客服服务态度很好,2025年3月21日
平安扣是和田青玉，很棒！做工很好！性价比很高！没有瑕疵！送给朋友的，借平安扣的美好寓意，希望他平安喜乐！,2024年4月17日
手感好，摸着很舒服。,2026年2月13日
很喜欢很好看，小版的女生带得刚刚好,2024年5月15日
玉很光滑 是不错的一次购物 会推介朋友去买,2025年5月7日
玉佩青白色，圆润光滑，很好看，给宝宝买的，非常不错。,2024年9月6日
整体评价：我不太了解玉，但是这玉摸上去很润，而且也没有瑕疵。我拍出来偏青，实际是白的。 佩戴体验：挺好看的，不显廉价，同事们都问我要链接 外观设计：简约大气，我很喜欢。 ,2024年9月2日
送朋友的 很好看 关键是寓意也好,2024年4月19日
好看，很喜欢。大小也合适,2024年11月9日
产品质量：可以 佩戴体验：挺好的 ,2025年6月5日
买的第二个啦，第一个不小心摔坏了，好看的,2024年10月24日
该用户未填写评价内容,2025年4月15日
非常漂亮，适合佩戴,2025年5月21日
18岁成人礼女儿带上好看！,2025年6月30日
好看,2024年11月6日
整体评价：摸起来很温润，很好看 ,2024年4月23日
挺漂亮的，送人希望她喜欢,2024年11月13日
非常喜欢，珠圆玉润的，很好看，有重量感，红色的珠子搭配的也很不错，黑绳也有质感,2024年11月8日
平安扣很好看，买个女儿儿佩戴的，她很喜欢 ,2024年10月27日
送家人的生日礼物，挺喜欢的,2024年5月2日
实物没那么白透 ,2024年5月15日
该用户觉得商品非常好，给出5星好评,2025年5月7日
做工很细致，戴上显档次。,2026年1月11日
玉石看起来很温润，有鉴定书，还不错,2024年11月16日
 - **外观设计**：设计简约大气精致华丽，可以满足审美需求 - **寓意象征**，代表着平安、幸福和好运。佩戴平安吊坠可以给人带来心理上的安慰和祝福,2024年11月10日
整体评价：一般 佩戴体验：一般 产品性价比：好 ,2024年6月13日
挺小的,2025年5月15日
母亲节要到了 平时一直都给妈妈买的护肤品 今年想换点不一样的 正好最近在读红楼梦 因为书中的情节 就顺便又去了解了一下中国传统玉文化 发现玉尤其是一些软玉在中国传统文化中是有很高的地位和很大的价值的 所以就买了块和田玉的平安扣送给妈妈 希望可以给妈妈挡灾 保妈妈平安 我买的大号的 差不多有一元硬币那么大 颜色是有点绿的 但很漂亮 我也不懂这方面的专业知识 但是觉得物有所值,2024年5月5日
"玉质很好,物超所值",2024年11月17日
看起来还不错,2024年11月18日
买了两个  物流很快  东西很好,2025年6月18日
收到啦，很不错，非常喜欢，值得购买，(*^__^*) 嘻嘻……,2024年11月9日
尺寸偏小，买的大版，看上去也只适合女生戴的程度。而且新的礼盒土土的，没之前好看。肉眼看没有杂质是唯一优点了。 ,2024年5月3日
DIY了一下 好看的嘞,2025年9月10日
整体评价：很漂亮 佩戴体验：有质感 外观设计：简约大方 ,2024年8月29日
好看！很喜欢有质感的玉石，平安扣很好看。,2024年12月8日
商品质量很好，与描述相符。卖家服务及时回复，解答疑问耐心细致。物流迅速，整体非常满意。,2025年5月5日
还未佩戴，但是物有所值,2024年6月5日
这个很漂亮润价格也公道噢，喜欢和田玉不需要金项链哦,2025年7月2日
非常好看！！还有检验证书。售后卡！女朋友一定会很喜欢的。哈哈哈哈哈,2024年4月24日
好看的 绳子也可以调节 很喜欢,2024年8月22日
赞👍,2024年7月11日
产品质量：好看  ,2025年4月23日
宝贝与描述基本一致，发货很快，值得一买这次购物太满意了，商品性价比超高，质量上乘。物流高效，商家服务贴心，售后无忧。,2025年12月16日
很好很漂亮，客服态度很好会积极解决问题,2025年5月4日
送给女儿的，她很喜欢，真不错,2024年10月3日
非常非常非常非常非常非常非常非常非常好,2024年10月29日
很好看 也很好的寓意 物流很快 男朋友很喜欢❤️,2025年8月3日
很来事，超级喜欢，爱，看了，对着阳光，有棉棉的感觉，值得的购物。以后还来,2024年10月29日
买了10天降价100,2024年6月3日
"东西质量非常好，与卖家描述的完全一致，非常满意,真的很喜欢，完全超出期望值，发货速度非常快，包装非常仔细、严实，物流公司服务态度很好，运送速度很快，很满意的一次购物。终于收到我需要的宝贝了，东西很好，价美物廉，谢谢掌柜的！说实在，这是我购物来让我最满意的一次购物。无论是掌柜的态度还是对物品，我都非常满意的。掌柜态度很专业热情，有问必答，回复也很快，我问了不少问题，他都不觉得烦，都会认真回答我，这点我向掌柜表示由衷的敬意，这样的好掌柜可不多",2025年5月6日
对比了好几家，最终还是选择了周大生的，我人瘦，特意选择了小号的，佩戴起来挺好看的，颜值高，同事都说好看，打算在入手一个稍微厚一点的送给老妈，,2025年1月26日
拍的白色发的青色,2024年9月11日
该用户未填写评价内容,2024年10月8日
整体评价：性价比挺高 佩戴体验：不错 产品性价比：性价比高 产品质量：有证书质量不错 外观设计：好看 ,2024年11月11日
挺好的 佩戴也很搭,2025年9月16日
该用户未填写评价内容,2024年12月2日
我非常满意我在淘宝上的购物体验。订单处理非常迅速包装精美且物流速度非常快让我在短时间内就能收到心仪，的商品。,2024年6月12日
佩戴体验：很舒服！ 产品性价比：跟亲民！ 产品质量：很光滑！ 外观设计：很好看！ ,2024年9月20日
颜色有差异就算了，毕竟产品介绍里面有事先声明，厚度有差异就无法理解了，写的厚度是7MM，实际厚度5MM,2025年8月3日
平安扣收到了。送给妈**，还是挺喜欢的。质感非常好，戴上很好看。,2024年7月8日
商品已收到，质量非常好，和卖家描述的一样，非常不错，包装仔细，物流也很快,2025年10月14日
玉石品质很好，换了一个浅色的绳子，可真好看,2025年9月1日
很好看很美爱死了呜呜呜呜好好看,2025年7月7日
该用户觉得商品非常好，给出5星好评,2024年11月2日
买到了物美价廉的好商品，质量杠杠的。物流给力，商家服务周到，售后有求必应。,2025年5月10日
我对这次购物体验赞不绝口！产品质量上乘，卖家服务周到细致，发货迅速高效，强烈推荐给大家。,2024年12月9日
在我能接受的价格之内，多家比较，最后决定买的这款，做活动的时候买的，还不错，姊妹三人一人一个，希望家人都平平安安的，很喜欢，做工也还可以，基本无瑕疵,2024年6月5日
不错希望好运，温润如玉,2025年3月20日
东西不错，比预想的好多了,2024年10月9日
有瑕疵，且换货极其慢  快递签收4天了不缺人收货,2024年5月19日
佩戴体验：一般不好，体验感不好 ,2025年3月7日
这个玉实在是太漂亮了吧！！,2024年11月13日
还不错哦，就是当时买的预售，等了几天，实物没有失望，所见即所得！,2024年4月26日
男生带也很合适，客服苏东坡服务态度很好！,2025年8月25日
和田玉平安扣收到，很不错的，性价比高，3cm大的扣男戴个人感觉很合适（因为同时也买了翡翠中扣2.8cm对比，3cm扣无论单配绳戴或配翡翠链都不小），把原带的绳子取了，在网上又买了1.5mm粗的红绳子换上，戴上感觉轻便好看对皮肤舒服，又一次满意的购物，好评,2025年5月6日
很好看，闺蜜很喜欢💕,2025年6月14日
挺好的,2025年8月1日
不知道真假，还没有佩戴,2024年5月28日
整体评价：很好 产品质量：好 ,2024年11月7日
包装很好，大小很合适，小朋友带上很可爱，物美价廉，喜欢,2025年5月7日
给宝宝戴的，很秀气很漂亮,2025年5月22日
好,2025年4月28日
项链很好看，玉石质感很好，小七客服态度很好,2025年9月18日
很漂亮的平安扣 宝宝特别喜欢,2025年6月21日
好看，家人看到都说好！留言客服帮忙挺了个好看的，下次有好货再来买,2025年4月7日
送给妈**，妈妈很喜欢 ,2024年5月16日
很漂亮，很喜欢。,2024年11月7日
物流很快 很精致 戴上非常喜欢 性价比高 不愧是大牌子 推荐购买！！！,2024年9月29日
价格美丽,2025年7月29日
虽然对玉石不太了解，但平安扣看着质地非常圆润，颜色透亮、有权威鉴定证书，运动绳搭配显得更加合适百搭，绳子长度可调节。,2024年11月8日
该用户未填写评价内容,2024年8月18日
对象很喜欢,2025年3月26日
该用户觉得商品非常好，给出5星好评,2024年11月5日
整体评价：很不错，是我喜欢的颜色，绿油油的，和我之前买的如意的玉髓差不多的大小 佩戴体验：很好看，大小合适 产品性价比：很高，很不错的 ,2024年10月24日
整体评价：好  佩戴体验：绳子有点松，玉不错 产品质量：好 ,2024年9月5日
玉坠温润如玉，色泽自然，每一块都仿佛蕴含 着大自然的灵气。佩戴起来既显气质又显品味，真 是让人爱不释手。无论是自用还是送礼，都是极佳 的选择!,2025年5月9日
该用户未填写评价内容,2024年10月16日
商家的服务态度非常好，‌耐心解答了我所有的问题，‌产品也没有瑕疵。‌十分满意！‌,2024年8月16日
玉坠收到了，物流很快，外观漂亮，戴起来很好看，性价比很高，好评,2024年11月9日
手感好，摸着很舒服。,2026年3月4日
很好看 挺大的 买来送人特别合适很高大上,2024年4月21日
非常好看,2025年6月17日
感觉不是特别大   不过摸着不错  质地可以   我也不太懂玉   送对象的   挺好的,2024年11月13日
实物和图片一样好看，油润细腻。客服都很耐心，很负责，处理问题及时。物流也快。,2025年7月5日
前三张是周六福的，玉有很明显很长的裂痕，本来是想换货的，结果从下午跟客服申请换货到晚上一直都没处理，本来就等着送人的，时间安排的好好的，给我发了个破玉！真不知道是故意还是没有质检！看哪个大冤种拿到不会发现是吧，就这样对待自己的顾客！果断换了周大生，后面两张图片是周大生，差不多的价格，各个方面都比周六福的好！也没有换货！正好卡在朋友生日这天送给他。,2025年9月7日
产品质量：非常好 质感很好，不廉价 外观设计：非常好 ,2024年8月13日
玉很好看，不大不小的非常合适，摸起来手感很好，女友收到嘴巴都笑歪了,2024年11月3日
有个很大的黑点，商家说这是正常现象，图片仅供参考，谨慎购买,2025年6月6日
该用户觉得商品非常好，给出5星好评,2025年3月31日
和田玉，玉质很圆润，手感很好，父亲节买来送给爸爸和公公，祝愿他们平安健康～,2025年6月13日
商品可以是正品,2025年7月8日
有明显瑕疵,2025年3月2日
送给自己的一个小礼物，发货速度很快，实物也很貌美，喜欢喜欢,2025年7月11日
还阔以吧，给孩子买来戴的，见到别的小朋友有也想要一个，赶上活动很划算。摸着冰冰凉凉的，很很有质感，孩子很喜欢戴。,2024年10月5日
手感好，摸着很舒服。,2026年2月6日
发过来没有珠子做堵头，一拉绳断掉了，问客服客服说配绳略有差异……,2025年3月2日
收到货了挺好的，蛮喜欢的，玉石也配有证书，整体很通透，也很精致，适合女生带好评了！ ,2024年5月23日
挺好的,2025年7月24日
宝贝不错，母亲节礼物，妈妈很喜欢,2025年5月11日
还行吧，就是没有别人发的照片那么好看，颜色偏黄，结构肉眼可见,2025年9月21日
该用户未填写评价内容,2024年8月27日
佩戴体验：舒适 产品质量：所见如所得 外观设计：高端大气 ,2024年8月4日
做工很细致，戴上显档次。,2026年1月23日
润润的，光下有点发绿，买了两个，一个扁扁的大大的，一个小一点但是胖嘟嘟的，感觉还不错,2024年5月11日
佩戴体验：1 ,2024年11月10日
超级好看超级好看超级好看超级喜欢啊啊啊,2025年6月3日
给孩子买的平安扣。首先和田玉的质感很好。用手电筒打有明显的玉石结构。并且包装也很上档次。其次瑶客服服务态度很好。会推荐给别人的,2025年6月3日
收到了 很满意 超级漂亮！！,2025年5月16日
平安扣收到了，小巧玲珑，质感很好，配送也很及时。,2025年7月1日
非常不错的，摸着很有质感,2024年11月2日
平安扣很好看 和图片一样,2024年9月28日
挺好看的,2025年9月9日
佩戴体验好产品，性价比高，快递非常快,2024年4月17日
红盒子很有质感，瞬间提升气质。性价比超高，佩戴非常舒适～,2025年6月30日
黑绳很有质感，实物到手真的很好看，做工仔细，细节精致，发货也快,2024年7月24日
超级满意，这个大小刚刚好，可以日常带，也可以配衣服带,2025年6月28日
💛看起来还不错，包装的很仔细，价格也非常公道，还会继续买买买！✌,2025年5月10日
该用户未填写评价内容,2024年6月12日
产品质量：有瑕疵 ,2025年2月14日
实物很精致，和图片一致，性价比高，佩戴起来很漂亮，整体很满意,2024年11月3日
这个平安扣是我对比了几家之后最终的选择    很温润   周大生的品质可以哦,2025年3月27日
戴起来很好看，够大，而且质地均匀没有裂痕,2025年7月13日
整体评价：还不错 给男朋友买的 大版带着才好看一些 摸上去很舒服 看起来也可以的 挺精致 希望他平安 ,2024年11月8日
物美价廉，质量过硬。,2024年11月13日
不懂玉，看着还挺不错的，没有很明显的缺损，只有一点点小小的瑕疵，图片也看不出来，这个价位也不贵，应该不是很好的玉吧？？冲着品牌买的，有证书这些，比较保险，好歹也算是用上真玉了，女生戴小的就挺合适的，活动价很划算。,2025年5月21日
给妈妈买的，很喜欢,2025年3月2日
很好看实物朋友也很喜欢 具有平安的意思 保佑一切顺利平平安安,2025年2月26日
在周大生官方旗舰店购买的这款平安坠，从包装到产品本身，无不透露着精致与高雅。坠子的设计简约而不失华美，每一个细节都处理得恰到好处，既时尚又富有深意，完美诠释了对平安的美好祈愿。佩戴起来舒适贴肤，无论是自用还是赠予亲友，都是传递祝福的上佳之选。客服的耐心解答与周到服务，更是让人购物体验满分。真心推荐给每一位追求品质与寓意并重的朋友们，值得拥有！,2024年5月28日
和田玉吊坠 戴着很好 大小刚刚好 喜欢 ,2024年6月25日
挺好看的，配短袖穿特别好看，包装也很细致。,2024年11月4日
佩戴体验：很好看 ,2024年11月13日
整体佩戴感很好，颜色透亮、佩戴舒适宜人，有权威证书，运动绳搭配显得更加合适百搭，绳子长度可调节。,2024年9月18日
很好看,2025年8月26日
看上去真的挺不错！开始还纠结型号，买回来才安心～大号的挺合适男士～,2025年6月22日
挺好的，拿来送人的，很合适，正品,2025年7月12日
很好看 而且比想像中的大很多 挺值的 想买的可以入手哦 ,2024年9月25日
好看,2025年5月7日
整体评价：不错喜欢小巧精致 佩戴体验：舒适大气 产品性价比：高值得购买 产品质量：好 外观设计：可爱 ,2024年10月25日
佩戴起来美观大方，玉佩很光滑圆润，颜色白色，非常完整包装完好物流很快，沈梦溪客服很有耐心，产品也是很不错，nice,2024年12月11日
玉上有黑点,2025年6月10日
质地很好，绳子可以调节很方便。 物流特别快，用的顺丰，很专业很安全。,2025年6月2日
非常满意的一次购物，产品外观和质量都很棒，物流速度快，商家服务专业。这个是真的好，材料和做工都特别精致，做工真的非常棒，我觉着我可以推荐给我朋友买,2025年6月9日
玉很好看，很喜欢，很推荐购买。,2025年7月10日
这款和田玉无论是从外观、佩戴体验还是价值方面来看，都让我非常满意。它不仅是一件精美的饰品，更是一份珍贵的文化遗产。我非常推荐喜欢和田玉的朋友购买，相信它会给你带来美好的佩戴体验和文化享受。,2025年5月3日
吊坠挺好看的。就是价格不稳定，买完就降了七八十……,2024年5月21日
该用户觉得商品非常好，给出5星好评,2024年10月17日
平安扣收到了，送给闺蜜的，她很喜欢，玉质清透，好看，有档次的礼物🎁,2024年11月15日
该用户觉得商品非常好，给出5星好评,2025年6月5日
款式很好看，玉石看起来也比较有质感。包装很完美。客服服务态度很好！发的邮政快递。,2024年11月1日
品质很好，戴上很搭配，很喜欢，有需要还会回购,2025年6月30日
整体评价：五星 佩戴体验：很好 产品性价比：超级直 产品质量：比预期的好多了 外观设计：好！ ,2024年11月1日
玉很漂亮，拿在手上很清凉，样子好看，以为小板会很小，没有想到还挺适合的 好评好评,2024年8月21日
挺好看的,2025年7月2日
该用户觉得商品非常好，给出5星好评,2026年3月19日
很漂亮，摸着凉凉的，送人的礼物，感觉很不错，自己也想买一个了,2024年9月30日
玉质温润，孩子戴着很好，本来配了一根绿色的编织绳，很好看的。孩子喜欢红色就换了，这个价格真是很值！,2025年6月4日
对比了三个感觉这个还不错好搭配，棒👍🏻,2025年7月16日
平安扣怪piu亮的，绑绳也很好看～,2025年6月15日
该用户未填写评价内容,2025年4月16日
元歌客服很有耐心，产品也是很不错，喜欢喜欢,2025年4月16日
很好看，很喜欢，送礼很棒。,2024年4月17日
还不错，但是注意尺寸，拿到手看起来不大,2025年6月18日
该用户未填写评价内容,2025年3月6日
闺女带着正好，非常漂亮，客服服务也很好,2024年6月1日
该用户未填写评价内容,2025年2月16日
不错很好 很喜欢！💕,2024年10月4日
还是挺不错的很喜欢，推荐大家购买🌹🌹🌹🌹🌹🌹🌹🌹🌹,2025年1月9日
一般般吧！,2024年11月6日
该用户觉得商品非常好，给出5星好评,2025年6月20日
产品性价比：收到货当天价格直接下降40元，联系客服说让我自己想办法解决，不给补差价，差劲，不要买,2025年10月9日
送给朋友当生日礼物的，她很喜欢！这款平安扣玉石端庄大气，送人自带都挺好看的,2024年10月26日
挂坠还阔以，客服服务态度不错 赞,2024年10月24日
客服真的很好很细心,2025年8月1日
老婆很喜欢,2025年3月23日
收到货了 跟图片一样 还不错 佩戴也好看的 主要很划算 ,2024年11月13日
好产品、好品质、好服务，宝贝确实值这个价钱，在这给商家点个赞不得不赞，质量真的好，包装物流也不错。真心喜欢，入手后不会让你后悔的！,2024年9月24日
不错不错  带着挺合适的,2024年10月22日
整体评价：挺不错的 ,2024年5月27日
挺好的,2024年5月11日
绳子大了,2024年10月31日
很透亮 看着很舒服,2025年7月13日
还不错吧,2024年10月30日
男朋友很喜欢，玉质感很好，挺润的，挺大气的,2024年11月11日
大小合适，调节的部位是绳尾朝同一方向抽的，调短的时候脖子后面会坠着两个尾巴。,2024年12月19日
买回来就直接给妈妈带上了 妈妈很喜欢,2025年5月12日
趁着优惠，赶紧入手，应该是正品，包装也非常的好，没有破损，,2024年6月23日
这玉特别差,2025年5月1日
物流很快，包装严实，触感光滑润泽。,2024年10月10日
这个拿到手就感觉很不错，很圆润也够厚实。小款的很适合女生，不会显得小气。跟之前在别家买的完全不一样,2024年8月28日
该用户未填写评价内容,2024年11月27日
很喜欢的 产品质量：蛮好的，戴着没有负重感，没有过敏原，大小合适，可以的 ,2025年2月7日
整体评价：周大生值得信赖，平安扣感觉不错！ 外观设计：外观带着很好看！ ,2024年11月7日
不错，戴上好高大上👍,2024年8月16日
货收到完好无损，实物很漂亮，佩戴舒适，值得购买！发货快，卖家服务态度很好，点赞！,2024年4月20日
一眼看中了这个，买的是小款，很适合女生戴了，挺好看的，物美价廉值得购买哦,2024年10月9日
这个挺满意的，买给儿子的礼物，回来就戴上了，儿子非常喜欢,2025年4月11日
正品完美！值得购买！,2025年2月14日
垃圾东西，到了的时候打开的时候绳子调整长度一拉就脱掉了，已经弄好以后才戴了半天，结果系吊坠的绳子直接脱开，吊坠都找不到了,2025年1月21日
小小一个挺好看的，自然光下是偏白色，不会很绿，配绳是黑色的，满意,2025年2月20日
很好,2024年12月21日
挺好的，品相不知道，但是自己喜欢就好！,2025年2月11日
项链收到啦  送给妈**母亲节礼物  妈妈很喜欢 玉的颜色也好看,2025年5月9日
送给哥哥当生日礼物的，刚好在生日的这天到 不过感觉这个更适合女生带 拿着看的时候感觉有点小气。我也不太懂这些 不过就感觉玉小轻薄 绳子很没有质感轻飘飘的 总体感觉很一般 不过已经买了也没法 将就吧,2025年3月7日
佩戴体验：挺好的，非常温润 ,2024年11月30日
澜客服回复很细致，有耐心。物流次日达，收货还是很快的。送给老爸选大一点的，戴着感觉刚好合适。,2025年4月29日
整体评价：很好看 佩戴体验：戴上很合适，大小刚好 产品性价比：性价比很高，东西好看又不贵，用来送人 产品质量：带子很结实 外观设计：好看 ,2024年11月7日
非常漂亮,2024年9月30日
佩戴体验：很好看 很好看 很亮很透 外观设计：很漂亮值得去购买姐妹们 ,2024年8月27日
一直以来都想买一个平安扣用来保平安 这家是老牌子了 买得放心 玉很透 建议购买,2024年11月1日
东西已经收到了，玉石很饱满，色泽很圆润，很高大上。,2024年9月9日
手感好，摸着很舒服。,2026年4月4日
很好，真玉 冰清玉洁,2025年6月6日
整体评价：东西很不错，小孩喜欢； 佩戴体验：佩戴上很好看； 产品性价比：这个价格便宜东西也不错； 外观设计：好看 ,2024年5月2日
玉收到了，比想象中的好，佩戴很上档次，喜欢的赶紧入手,2025年10月8日
整体评价：好看 ,2024年11月7日
好评,2024年10月15日
整体评价：很好 佩戴体验：还没带 产品性价比：比别家的好 有润感，棉多，看起来还是挺好的 ,2025年4月2日
玉佩还可以 ，就是有点薄 ,2025年8月23日
细节非常完美，整体来说真的很不错。性价比很高，下次还会继续光顾！,2024年11月9日
很好看,2024年6月30日
青白色，不够白。不过质地均匀,2025年5月12日
整体评价：挺好的 产品性价比：高 ,2024年5月10日
玉质很细腻，摸起来特别顺滑。,2026年2月7日
发货很快，售后处理快,2025年5月10日
产品很好，外观好看，推荐购买,2024年11月24日
严重色差，买的白色的，发的青色的。,2025年4月7日
摸着挺凉的。虞姬,2024年4月21日
收到第一时间打开看了，超级满意，白色很润很透，买了个大的，可以一直佩戴了。就是送刚出生的宝宝如果是红绳就更好了，必须给个好评,2024年11月5日
好产品、好品质、好服务，宝贝确实值这个价钱，在这给商家点个赞👍,2024年10月28日
产品不错，售后服务很好，感谢赵飞燕小姐姐耐心解答,2024年4月25日
第一次买周大生的饰品，玉石质感挺好的，温润的触感，老公带着挺好看的，好评～,2024年10月26日
戴上很显气质，朋友都夸好看。,2026年3月27日
这次购物体验蛮好的。商品的功能表现符合预期，配货速度超快，服务质量更是绝佳，耐心周到，让人感到愉悦。,2025年6月9日
很喜欢😘,2025年3月27日
整体评价：感觉宝贝不错 产品性价比：感觉性价比很高，值得推荐 产品质量：很棒 外观设计：设计很好 ,2024年11月16日
穿戴品图个感觉,2024年6月24日
跟图片上完全不一样 这颜色材质和做工晚上就是挂羊头卖狗肉 还大品牌呢这不就是割韭菜吗 我拍的款是什么样的？到货又是什么样子的？颜色、光泽、质感完全就是两个东西 典型的挂羊头卖狗肉 怎么？谁不知道玉石存在天然差异不可能一模一样 但是也得有分类吧 各种水种分类那么详细你们商家不知道？就这种垃圾成色拿来跟你们宣传图上的比？还颜色不一样是正常的 我真笑了 本来看大品牌以为应该不会踩坑结果还是一样 就这价格我也懒得退了大家谨慎选择吧,2025年8月22日
外观挺好看的，价格还可以,2024年11月18日
是好看的，很喜欢，戴起来很漂亮，刚开始贴肤有点冰冰凉～,2024年11月7日
母亲节送妈**礼物，不错,2025年5月13日
和田玉平安扣外型饱满圆润，质量很好，手感温润，大小合适，性价比高。,2024年5月2日
大气，好评,2024年4月30日
挺好的，发货也快，还有礼盒，送人也可以。,2024年10月18日
真的超好看，质感也很好，很好搭配，性价比也很高，推荐推荐啦,2024年5月28日
很漂亮，颜色偏青色，手感很舒服，,2024年10月28日
很好看,2025年4月19日
金色地方有点磨，其他可以,2024年10月20日
偏绿，没图片上的白，其他还好,2025年1月29日
玉，石之美者。自古以来，玉就以其温润的质地、晶莹的光泽、绚丽的色彩、坚韧的质地和柔和的触感，赢得了“东方宝石”的美誉。这块和田玉让我沉醉在它的世界中无法自拔。,2024年10月21日
超级好看 很透亮 戴起来真的非常美 很喜欢 非常推荐大家入手，,2025年6月17日
该用户未填写评价内容,2025年4月2日
非常好，非常喜欢，送货速度也非常快,2024年9月22日
很好很漂亮，客服态度很好会积极解决问题,2025年5月4日
东西不错很喜欢戴着也很舒服喜欢点赞,2025年6月19日
宝贝收到后，我太喜欢了。大小合适。挂在身上很凉快,2025年6月28日
买来自己带的，很漂亮，玉质细腻，摸着凉凉的，价格实惠，有检验书，物流速度非常快，商家服务态度也很好，下次继续购买。,2024年4月17日
玉摸起来质感很好，好评,2025年3月13日
实物其实挺浑浊的 体感一般,2025年2月28日
女盆友很喜欢，珠圆玉润，很干净的感觉，摸在手里冰冰凉，很有感觉，好评！,2024年11月17日
平安扣很漂亮很喜欢 佩戴好看哎,2025年5月10日
整体评价：还不错，透光看着还挺舒服的，带着挺凉快的。 ,2024年5月8日
整体做工还算精致，还配有证书，品质上也算是有保证了。美中不足的就是挂绳松紧设计太简单，感觉容易磨损，不是很牢固。,2025年6月20日
给对象买的，她很喜欢,2025年5月20日
收到了打开一看真的很好，做工精细，很精致。值得信赖的品牌，喜欢的小伙伴可入手。绝对的物有所值。,2024年11月6日
不错好看推荐 价格优惠,2025年6月30日
比较润，性价比高，瑶客服服务好，还会回购哟哟哟,2025年7月24日
宝贝收到了，非常满意，五分好评！,2025年7月12日
值得购买,2024年12月19日
有棉 不纯 ,2024年11月6日
买了周大生家很多东西，质量都很不错，很美，很时尚，以后还会持续关注咱们店铺,2024年6月22日
服务态度好、产品完美,2024年12月26日
整体评价：300来块的东西也就不那么吹毛求疵了，有三四个黑点瑕疵，就那样吧，这个价钱也就不纠结是不是品相好的了待着玩呗 产品性价比：一般，买的大阪还是感觉小，坠感没有那么明显 产品质量：一般吧 ,2024年12月5日
物流超快，而且玉佩还有证书，还送有装首饰的盒子和袋子，很贴心，很好看，很喜欢。😘😘😘,2024年7月27日
非常喜欢，温润。没有瑕疵！,2025年2月28日
可以的，这个尺寸是个女生和儿童戴,2025年6月4日
快递很快，顺丰快递来的，包装很完整，还有证书，摸起来很舒适，手感很棒，很精美，嘿嘿，非常喜欢  ˗ˋˏᰔᩚˎˊ˗,2025年6月25日
产品性价比：很好 产品质量：第二次购买，送人的 外观设计：不错 ,2024年8月10日
该用户未填写评价内容,2024年5月21日
送给小孩子的，还不错。,2025年9月9日
整体评价：首先，颜色偏绿 佩戴体验：两天绳子断了 产品性价比：性价比低，拔草 产品质量：绳子太粗制乱造了，绳结的位置随时会散开，绳子断了之后发现珠子在的地方已经磨的掉毛，就带了两天 ,2024年5月12日
好,2024年5月6日
东西不错蛮喜欢的,2024年10月4日
很喜欢,2025年2月1日
戴几天就掉了 无语 找客服就让去实体店穿 这个质量没话说,2025年3月16日
该用户未填写评价内容,2024年10月9日
好看,2024年11月21日
整体评价：不孬，挺好的，孩子喜欢 ,2024年9月8日
可以,2024年12月7日
都非常好看呢，喜欢喜欢,2024年11月3日
东西很好 很时髦 还有鉴别证书 值得购买,2025年6月9日
整体评价：小巧好看有质感，也不懂玉的好坏，但喜欢就好了。 ,2024年10月3日
整体评价：不错。佩戴舒适，产品美观且性价比高，很喜欢 ,2024年9月17日
有一点小,2025年5月22日
看起来还不错，给家人带，打灯看里面是带点棉絮状，这个价格买到也可以拉啦。希望以后出点活动，没有活动买还是肉疼。,2025年4月20日
该用户觉得商品非常好，给出5星好评,2024年6月14日
送人的，很漂亮,2024年10月25日
做工很细致，戴上显档次。,2026年1月21日
感觉很好看！！！,2024年10月24日
有黑色的小斑点杂质,2025年4月12日
看着像是自然的料子，有絮状结构和一个小黑点，买来带着玩的，我觉得符合这个价位,2025年4月11日
客服都是机器人，反应也没人沟通，明显有黑点，感觉店大欺客，购买需谨慎,2025年1月4日
产品质量：摸着蛮有一定重量的，绳子也蛮好的 外观设计：我买的大版的，看着挺不错的 ,2024年11月16日
很好，手感不错，挺好看的，很不错,2025年5月11日
没有划痕裂痕，女朋友很喜欢,2024年10月3日
好好看呀，太喜欢啦,2025年6月23日
整体评价：大小合适，外包装精致，带了证书，很放心 ,2024年11月24日
颜色好看，大小合适,2025年6月26日
第一次买玉 特别美！！！真的出乎预料的好看！！,2025年4月29日
佩戴体验：好 ,2024年5月15日
好看，无瑕疵，客服小姐姐也很棒！感谢，送人的礼物，对方很喜欢。,2024年10月3日
商品价格便宜，质量却很好。物流给力，商家服务贴心，售后处理及时有效。,2025年6月11日
该用户觉得商品非常好，给出5星好评,2025年9月23日
真的很喜欢，完全超出期望值，发货速度非常快，包装非常仔细、严实，物流公司服务态度很好，运送速度很快，很满意的一次购物真的很喜欢，完全超出期望值，发货速度非常快，包装非常仔细、严实，物流公司服务态度很好，运送速度很快，很满意的一次购物,2024年11月30日
好看，满意，喜欢,2025年2月14日
挺好的,2025年5月19日
货品完好无损，证书齐全，与商品描述一致！,2025年3月17日
好,2024年8月18日
玉大小可以，表面很光滑，很润，看起来不错，还带证书噢！,2025年5月15日
挺不错的,2024年11月3日
东西很好 很漂亮 谢谢老板 整体评价：好 ,2024年8月12日
挺好的，朋友很喜欢,2024年7月28日
效果很好 大小适中 有一定厚度 用手电照了一下 很均匀没有瑕疵裂痕,2024年9月21日
心心念念的平安扣终于买下了，还是很满意的，但是不是很懂玉，光照那个有点裂缝看起来不知道是否正常，各位行家可以自行参考 玉的大小光泽度还有颜色我都很喜欢，是我想要的感觉，并且我以为绳子会很丑，而且也很结实，但是戴起来还不错 另外图片不同手机拍出来会有点色差，我这个拍出来有点偏绿,2024年11月12日
蛮好看的，绳子也还结实,2024年11月1日
好好看，我男朋友很喜欢,2024年10月5日
外观设计：有点薄，没有图片看着圆润 ,2024年8月25日
很不错！,2024年11月7日
很满意的一次购物，质量很好，有光泽度，发货速度也快,2024年9月3日
不错,2024年10月22日
不是白色的，是绿色的。一般,2024年11月10日
拿到手很惊喜 质感非常好 性价比高 佩戴也很漂亮 推荐！,2024年9月20日
肉眼有棉 薄,2025年1月2日
整体评价：真的很喜欢❤️ 佩戴体验：玉养人 产品性价比：很优惠，周大生赞赞赞👍👍👍 外观设计：很好看，小版平安扣刚好适合我 ,2025年3月13日
宝贝收到了， 商品做的很不错，超级喜欢，陆游客服服务态度很 好!! !非常推荐   ,2024年4月26日
整体评价：送给妈**，平安扣看起来很不错 佩戴体验：妈妈说戴着很舒服 ,2025年1月20日
家里三个女儿买了三块，每个女儿一块，三个看着都还不错，就是小孩子戴着绳子有点长，还有我觉得可以弄红色黑色让顾客选择，我比较喜欢红绳，小孩子戴红绳好看,2025年5月3日
实物一般，有明显杂质，厚度不达标，第一次发过来的平安扣非常薄，非常扁平，而且有明显裂痕，换货后的没裂痕了，稍微厚点但依然比较薄，看了看几个月前的买家评论图，感觉之前的货明显更圆润更厚些，质量也更大些，和我买的货简直两模两样，不知是卖着卖着偷工减料还是发给我的货不太好，总之不太满意，懒得再换了，就这样吧。,2025年3月5日
该用户觉得商品非常好，给出5星好评,2025年3月31日
不错,2025年8月16日
很漂亮 男朋友很喜欢,2025年5月10日
挂绳太短了，挂不进去,2025年5月16日
我最近购买了周大生的玉佩，佩戴起来非常舒适，玉质细腻，光泽度高。设计简约大方，适合各种场合佩戴。  总体评价：周大生的玉佩质量上乘，设计精美，值得推荐。建议喜欢玉石饰品的朋友们可以考虑购买。推荐度：⭐⭐⭐⭐⭐,2025年7月4日
还可以,2024年12月5日
有瑕疵很脆容易碎,2025年2月28日
宝贝收到了，质量很不错，包装精致，材质优秀，比想象中好，送礼自用非常合适，下次继续购买,2024年11月9日
大品牌值得信赖，平安扣清透温润，有光泽，佩戴大气漂亮，女儿非常喜欢，小版的很适合女孩戴 我看后也准备再买个大版的。,2024年11月15日
整体评价：挂饰特别好 质量也好  产品性价比：性价比很高  外观设计：好看美观 ,2024年9月14日
刚买完，就降价,2025年9月23日
很好看 物美价廉,2024年10月25日
项链很不错，非常好看，买来送人的，很喜欢,2025年6月14日
整体评价：很好看 佩戴体验：很棒 是真的  ,2024年10月23日
大小正合适，戴着很舒服。,2026年3月2日
还行吧就是打孔那个地方有瑕疵，有一点碎的样子,2025年1月12日
哇塞，圆润厚实，这个平安扣重量挺足的，大小刚刚好，适合夏天佩戴，冰冰凉凉很舒服 简单大方，挂绳也很简约，比较方便佩戴。物流都很快，隔天就到了，我非常喜欢。,2024年4月20日
手感好，摸着很舒服。,2026年2月10日
货收到了，质量很好，老牌子了买得放心，非常非常不错，下次还来买，照片随便拍了一下,2024年4月20日
好看 很油很润 量了一下长度和厚度都符合 佩戴也很舒服 打灯看了结构 是真的 非常喜欢,2024年10月30日
非常喜欢，价格实惠，玉很好,2025年6月3日
整体评价：好 佩戴体验：好看 产品性价比：高 产品质量：好 外观设计：好看 ,2024年11月8日
整体评价：好  佩戴体验：好  产品性价比：好 外观设计：简约美 ,2024年10月14日
整体评价：高级 佩戴体验：舒服 产品性价比：高 产品质量：值得 外观设计：好看 ,2024年4月20日
整体评价：特别好看，带上人都显得淑女了 产品性价比：性价比高，特别好看 ,2024年6月10日
该用户觉得商品非常好，给出5星好评,2025年7月11日
好戴,2025年7月14日
还可以的，挺厚的。整体还行。有性价比,2024年10月30日
也不知道好不好不专业，看着可以就留了。,2025年1月5日
产品质量：没有缺陷 整体评价：满意 外观设计：好看 产品性价比：品牌理念 ,2024年10月27日
手感好，摸着很舒服。,2026年3月2日
平安扣很好看，色泽通透，大小正好，作为母亲节礼物正合适,2025年5月5日
很好看 ,2024年9月26日
整体评价：很喜欢嗷 推荐购买，我买了个自己的绳子给装上去  产品性价比：高 产品质量：好 ,2024年11月13日
佩戴体验：大小合适 产品性价比：不错 外观设计：外形简约 ,2024年11月5日
很好看 小巧的 可以购买 周大生值得信赖,2024年10月24日
给女儿买的生日礼物，特别喜欢！小版的女孩戴上也不小，精致好看，推荐购买！,2025年5月24日
好看,2024年11月7日
好看好看,2025年5月13日
该用户觉得商品非常好，给出5星好评,2025年5月7日
玉质很细腻，摸起来特别顺滑。,2026年2月7日
一次买了两个，很喜欢，非常好看，值得购买，平安扣保平安,2024年11月12日
该用户觉得商品非常好，给出5星好评,2025年6月30日
可以,2025年3月28日
一开始问多重，说14g。货发过来连绳只有11g。服务态度更不用说，一直机器人糊弄，好不容易来个人工，也是爱答不理。玉石本身也是瑕疵货，送人根本拿不出手，同等价位不如选择其他牌子。姐妹们快逃吧 整体评价：差 ,2024年8月30日
买给老婆戴的，满意,2024年6月8日
物流很快，送给孩子的买的小款也好看，希望俩宝贝喜欢,2024年11月5日
买最大块的玉挡疤，订婚仪式上用的。效果很满意！,2025年3月9日
好看,2025年5月11日
该用户未填写评价内容,2025年9月14日
平安扣很润，没有瑕疵，适合送人，很满意此次购物。会回购。,2024年9月15日
可以 整体评价：OK 佩戴体验：OK 产品性价比：OK ,2024年11月11日
该用户未填写评价内容,2025年3月2日
颜色不白，里面有杂质，不是那么好看，真的很一般,2025年1月8日
物流快，玉质量不错，性价比挺高的，买给妈妈保平安的,2025年8月5日
颜色青黄色，不是白色,2025年5月7日
绳子扣不太好，有点没弄好，客服小姐姐补了20块钱，还行，自己再去买根绳子,2025年9月11日
整体评价：不错，蛮好看的 佩戴体验：很温润 产品性价比：高 产品质量：挺好的 外观设计：温润有光泽 ,2024年11月12日
该用户未填写评价内容,2025年7月6日
好,2025年9月20日
好看(✪▽✪),2025年8月28日
该用户觉得商品非常好，给出5星好评,2025年10月4日
该用户未填写评价内容,2025年9月15日
玉很润,2026年4月16日
该用户觉得商品非常好，给出5星好评,2026年4月16日
评论,时间
珠子小小的 我带有点紧 瘦子更好看一点,2026年3月29日
收到货觉得真的很漂亮。不错不错。,2026年3月20日
收到货感觉质量很好，很值得。还会回购周大生家。  产品性价比高。,2026年4月12日
节节高升寓意很好，造型也很好看，叠戴也适合,2026年2月4日
好看的，叠戴也很合适,2026年2月4日
好看，铃兰是渐变色的，真的不错。0.84g，小惊喜。,2026年2月4日
好看的~和金手镯搭配在一起特别适合,2026年3月14日
收到的实际金重有 0.84g，太划算了，比现在的黄金回收价都便宜,2026年1月23日
适合叠戴，挺好看的,2026年2月12日
拿到宝贝后去其他专柜按渐变色重穿了，比店家穿的好看多了，非常好看,2026年2月2日
好看，谢谢客服小鸿，不给我退差价，求了他半天才给我退差价,2026年1月26日
蛮好的，有暴击，算下来挺划算的 ,2026年1月23日
手串很好看，寓意也不错，竹子元素很喜欢,2026年1月28日
买了三条赌克重 最后收到的克重是一条0.81g 一条0.82g 一条0.84g 最后自留了0.84g的。凑单后的价格蛮划算。很喜欢,2026年1月28日
物超所值,2026年4月11日
挺好看的，秀气,2026年2月7日
很喜欢很好看！很棒很棒爱周大生 买了铃兰 这次又买了竹节,2026年1月29日
活动时用券买划算，多次购买了,2026年1月28日
物流很快,2026年1月7日
好评，有备用的两颗珠子和弹力绳，加上两颗重新穿的,2025年11月16日
发货速度很快 很漂亮，趁着活动买很划算！很喜欢这个哦！还有天仙客服服务态度很好！整体感受很好！,2025年10月25日
整体评价：还可以是Q版的，可可爱爱，就是买的时候有点贵，金价最高的时候买的 ,2025年10月30日
和田玉质感不错，润润的，到货很快，满意,2025年11月2日
暴击0.03很开心，收到货也很满意，周大生是我比下来价格非常合适的店，陆陆续续买了好多了，以后都会在他家买。,2025年10月24日
蛮好看的双十一的时候买的价格很划算,2025年11月22日
周大生这款黄金佛头转运珠真不错，没想到还送了一个这么好看的手串，直接佩戴不用想着怎么搭配了，周大生大品牌，质量很好。,2025年10月23日
很喜欢竹子形状，选择任嘉伦代言的周大师，很漂亮，好看,2025年10月23日
不细看的话还是蛮不错的，几百块钱随便带着玩一玩,2025年10月23日
好的 妈妈很喜欢,2025年12月11日
如果周大生有更多鲁班这样的客服，肯定生意更好了。❤️,2025年10月31日
和田玉珠子有点色差会比图片暗一点 大小比想象的小一点 整体还可以,2025年10月31日
太满意了，还有暴击,2025年10月23日
产品质量：戴在手上非常好看显嫩、又显白的、质量也是严格把关呢、 外观设计：大气上档次简约 产品性价比：性价比还挺高、预算不多的姐妹可以冲,2025年10月19日
还可以，买来送人的,2025年11月2日
不错，萌萌哒。还有点小精致。,2025年10月23日
很好看，一眼就很喜欢，而且珠子还润润的！,2025年10月19日
隔天就收到了  快递物流很快  这款非常精致很满意,2025年10月25日
好看的，还有暴击，实发0.79g，虽然金价跌了，但是小克重也亏不了几十。,2025年10月25日
挺好看的，就是没有暴击，价格不美丽。,2025年10月30日
老婆很满意,2025年11月8日
上边有两个孔 还是不规则的特别明显,2025年12月28日
真的很好看 买了两个了 美观 比较推荐,2024年7月28日
和别人比，算是买的高价，但手串还是不错的，就是我手腕太粗，等空了再重新加两颗珠子,2025年11月1日
大品牌值得信赖,2024年8月13日
满意满意。,2024年10月25日
挺好的,2024年8月5日
收到实物很惊艳 性价比高 好看,2024年10月6日
东西已经收到了，挺好看的，挺小巧的，蛮秀气的，买给儿媳妇带的很不错，她很喜欢，而且客服的服务态度也挺好的，为我解答了很多问题，总之推荐你们购买,2024年12月25日
第一次网络上买玉和黄金，购物体验非常好，购买的商品满意，服务也满意，特别是售后，客服赵飞燕帮忙解决了问题，好评哟！,2025年6月11日
这款宝贝看很久了， 最终下手了，超级喜欢，赵飞燕客服服务态度很 好!! !非常推荐,2024年8月5日
很精致可以的,2024年11月11日
发货速度很快，卖家服务也很到位，商品质量不错，值得推荐。,2025年7月4日
很喜欢 超喜欢 哈哈哈哈 很喜欢绿色 特意买了这款 简约,2024年10月29日
该用户觉得商品非常好，给出5星好评,2024年5月18日
买过降价了,2024年6月27日
挺好的，不过比想象中袖珍。,2024年6月28日
宝贝收到了。真的很惊喜。是我想要的，带上大气漂亮。真的很棒。客服也很热情周到。愉快的一次网购。,2024年8月18日
送朋友的，她很喜欢哦,2024年8月25日
好看，绿色的很有气质，竹子也非常精致，妈妈和婆婆一人一个，都很满意,2025年5月10日
好看，叠戴在一起更漂亮了，快递速度很快，值得推荐！,2025年4月29日
不是很好看,2025年2月7日
 手链很好很喜欢，清新脱俗。与卖家描述一致，发货速度快，包装仔细，严实，客服很热情，服务态度好，很满意的一次购物体验。 ,2024年6月12日
挺好的  已经送给妈妈了  但是没拍照  挺好看的,2024年10月4日
不错，挺好看的颜色，很夏日喜欢，大小也合适,2025年6月25日
好,2024年4月28日
可以的 很好看 很简约 鲁班客服也不错的 很好哦,2025年5月21日
实物真的非常好看，有气质！送人也很合适！,2025年8月19日
好看，值得推荐，暴击0.8g，很棒，物流很快,2026年1月30日
我觉得颜色有一点模糊,2026年1月10日
该用户未填写评价内容,2024年10月8日
有点小瑕疵 溢价过高 ,2024年5月21日
东西还可以，比实体店便宜，有足金标识没问题。,2024年4月29日
发货及时，对象很喜欢,2025年6月11日
男戴观音女戴佛，寓意很好。这个佛头做工很精美，玉珠也很精致，跟我的素圈很搭，很满意。,2024年4月25日
做工精致，正品有保障，还有备件，发货快，物流快,2024年11月4日
好多家卖这个款的，价格也参差不齐，不懂行还是信任大品牌吧。,2024年5月2日
包装完整，手串很漂亮，竹节好看。,2025年6月16日
母亲节送给妈妈，妈妈超级喜欢,2024年5月21日
整体评价：最差劲的一次购物，客服态度恶劣，东西有瑕疵 ,2024年8月13日
该用户未填写评价内容,2024年6月10日
女朋友很喜欢，看了很久才买到的 真的不错快递物流也是相当的快，以后还会购买的,2025年1月2日
很好看的我觉得很不错 老婆也很喜欢 老婆用了都说好!! 整体评价 好 包装礼盒 好 外观设计 很漂亮 显白 做工形式 好 总之就是一次很满意的购物体验 发货也蛮快的 老婆带了爱不释手,2024年9月19日
看起来很精致，拿在手里很有分量，手感很好，摸起来很舒服，很适合小姑娘带，很好看,2024年11月10日
整体评价：整体还行，竹节款看着黄金是比较多一点！ 包装礼盒：常规 外观设计：还不错 做工形式：常规 ,2024年7月19日
手串收到了，戴手上很好看，玉加金质感满满。,2024年5月9日
送给妈**母亲节礼物，特别的好看，质量也很好，款式很特别，妈妈非常喜欢，推荐推荐！,2025年5月25日
很好看,2025年9月2日
物流很快，手链也特别精致，实物没有色差，戴着大小刚好合适，很适合年轻人佩戴了。,2024年8月6日
家人们绝美！！真的放心冲吧 本来是母亲节买给老**，自己试了一下被深深种草 虽然珠子比较小，但是戴在手上特别精致有气质 产品质感超好👍 还额外送了珍珠耳钉，比实体店性价比更高 发货迅速，昨天拍下今天就收到了,2025年5月10日
挺漂亮的，买了两个试戴，还是留下了这个小的，感觉那个大的年纪大一点戴会比较好,2024年8月5日
年底给自己的小奖励，双十二活动前一天下单的，差价客服很爽快的给退回了，服务态度不错,2024年12月10日
好好看！爱了 ,2025年5月31日
外观大气，不错。,2025年5月5日
这款宝贝看很久 了， 最近快过🎂，就下手买下来了，带上之 后很好看，不错，值得推荐，还退了差价，联系 赵飞燕 客服态度 也很好，值得推荐 !!!,2024年5月2日
总体来说还不错的，有些小问题，客服也及时解决了,2024年5月28日
很好看，很精致，发货速度很快，很满意。佛头做工挺好的，很慈祥。,2025年10月30日
很喜欢,2024年6月18日
好好好好好好好好好好好好好好好好好,2025年1月4日
该用户未填写评价内容,2024年5月4日
整体评价：很喜欢，性价比高 ,2025年6月28日
整体评价：手链很好看，值得购买 ,2024年4月24日
不错,2024年4月20日
很好看！很有古风感觉！很不错！和其他首饰搭配起来也很不错！,2025年2月28日
实物很好看，自己搭个镯子更好看，客服也很细致👍,2025年3月9日
很喜欢很好看送人的,2024年11月3日
送好朋友的，她喜欢就好。,2024年7月7日
刚带两天金豆就掉了，质量问题太差了😓😓😓到货大家谨慎检查吧,2025年2月28日
到货就迫不及待打开了，果真没有让我失望，质量特别好，颜值也相当高，满意的一次购物,2024年9月3日
该用户未填写评价内容,2024年6月4日
还是OK的，珠子比较小，感觉大版会更大气一点。,2025年6月17日
我朋友很喜欢,2025年9月10日
发货很快，给婆婆买的母亲节礼物，很不错！！东西也好看！！真的很棒！,2024年4月30日
整体评价：挺好看的，妈妈很喜欢，好运莲莲给我妈名字也很贴 ,2025年5月11日
和田玉好润，周大生的品都很美腻～,2025年8月28日
母亲节妈妈很喜欢,2025年5月12日
很好看的挂件，不过没好复秤，不知道克重,2025年2月24日
****，刚买完就降了100多，无语。,2025年5月2日
整体评价：很好 包装礼盒：上挡次 外观设计：很漂亮。我喜欢 做工形式：很完美，没得说 ,2024年5月5日
足金，买来送家里长辈的希望她喜欢,2025年6月13日
东西很好看 就是细了点 还是买大的好,2024年7月28日
对比一下，性价比不高，贵了，只是有个品牌,2024年6月16日
精致好看,2025年7月11日
该用户未填写评价内容,2024年5月5日
送妈**生日礼物，原图直出无滤镜，大版大气，很美她很喜欢～,2024年5月1日
整体评价：很不错 送礼好选择 包装礼盒：完整精致 外观设计：好看高级 做工形式：不粗制滥造有格调 ,2024年5月16日
比想象中好看很多  玉的品质也不错,2024年11月5日
很好看 很秀气 竹节配绿珠子非常清丽 珠子很小适合瘦女生,2025年7月24日
包装礼盒：包装很严实 外观设计：设计很漂亮，小巧喜欢 整体评价：很喜欢 ,2024年4月19日
很好看的和田玉手链，上手很显白，竹子做工很精致，还送了两个配珠和一对珍珠耳钉,2025年8月27日
质量不错，款式也挺好看的，戴上大小刚刚好合适。物流速度也快第二天就到了，不错！,2024年10月24日
无滤镜原相机直拍，实物拿在手上还是很小巧的，如果在好的光线下很显白，如果真的喜欢这个款式就觉得很不错。送了绳子和两个珠子，等有时间可以串个渐变款式。,2024年4月22日
比想象中的还要好看，质量也很好，做工精细,2025年5月27日
手链很漂亮，带在手上很秀气，母亲节送给妈**礼物很满意,2024年5月9日
手链很好，我老婆很喜欢，她手小带着好看很,2025年2月28日
我觉得颜色有一点模糊,2026年2月1日
很好看的 我觉得很不错 女朋友也很喜欢 女朋友用了都说好！！ 整体评价：好 包装礼盒：好 外观设计：很漂亮 显白 做工形式：好 总之就是一次很满意的购物体验 发货也蛮快的 我和我的女朋友带了都说好 ,2024年4月22日
好的,2024年11月23日
自己买给自己的,2024年8月16日
非常好，妈妈很喜欢,2025年3月7日
宝贝收到了，商品做的很不错，超级喜欢，陆游服务态度很好，推荐，有新款会回购,2024年5月28日
手链很漂亮，颜色好看，青玉和白玉相间，圆润有光泽，显手白。手晃动时竹叶会哗哗作响，清脆悦耳。太喜欢了。,2024年6月11日
找了好多家店铺，最终选了这家，发货快，实物和照片一致，比实体店便宜好多，很喜欢，最重要寓意好，“步步高升，节节高升”。,2025年6月29日
好评，给对象买的，她很喜欢，物美价廉，值得购买。,2024年10月24日
妈妈很喜欢，买来送给妈**,2024年9月3日
不错 物有所值，珠子颜色好漂亮，性价比高,2024年4月27日
非常美丽，物流速度也给力，瑶客服也很好，解答问题很顺利,2025年8月29日
手链挺精致漂亮的，物流也很快，满意的一次购物,2025年2月13日
包装很好，东西物美价廉,2024年5月3日
东西收到了，跟图片一样，很好看，也很精致。买来送给朋友的，她说很喜欢。以后还会继续光顾的。,2024年8月21日
妈妈喜欢,2025年6月25日
大暴击 感觉小红书 感谢周大生 粉了,2025年8月29日
带上很秀气，竹子的寓意很好，可以带来好运。 推荐大家购买,2024年11月11日
挺好的,2024年5月7日
很好,2024年5月30日
好看的，就是比想象中小,2025年8月20日
到货快，包装很好，给老**礼物，款式时尚简约，老妈很喜欢👍,2025年6月13日
送妈妈 她非常喜欢,2024年7月19日
送外婆的 她喜欢,2024年7月19日
刚买回来有个珠子有划痕，很明显,2025年2月11日
很好看，时尚，洋气,2024年6月5日
妈妈可喜欢了,2024年5月13日
非常好看,2024年10月25日
第二次给家人购买了，一如既往的好。,2024年11月11日
还不错 成色也还行 ,2024年8月18日
比详情页好看很多！赠品虽然有大有小但是也很不错了,2025年6月20日
好看的！老妈很喜欢！,2024年4月19日
实际金重0.72g…才发现产品描述很准确，约0.75…手链本身还算好看，玉珠太小了看不出品质,2025年7月29日
好看 就是玉不太亮 不知道戴久了会不会好,2024年7月3日
很好看 送给妈** 忘记拍照了,2024年4月22日
送朋友的，适合女孩子好看秀气，包装好的,2024年10月27日
陆游很好👍,2024年6月1日
整体评价：买时候一定要注意 ！商品参数里压根没有成色是足金  其的店都会在参数里显示 而且这家价格变动的太莫名其妙了 ,2025年5月23日
整体评价：很漂亮，非常喜欢 ,2024年8月12日
当天发货顺丰快递隔天就到；手腕细的带小版就很合适；无瑕疵很不错；送的忘记发了联系客服很快就处理了，不错的一次体验。,2024年11月5日
妈**生日礼物🎁她很喜欢，适合她的年龄；颜色搭配很好看，性价比很高！ ,2025年10月14日
还可以，大点会好看点 ,2024年6月15日
竹节寓意很好，手链很漂亮，是真的玉和黄金，包装礼盒很大气，已经第二次买了,2025年6月21日
该用户未填写评价内容,2024年12月13日
小 的很适合，可以和其他视频叠戴👍,2024年6月20日
手链收到后，包装的很好，看到实物真的很好看，迫不及待戴上手了👍,2024年9月25日
非常大气，和田玉，色泽圆润,2025年5月10日
整体评价：品相好 包装礼盒：有档次 外观设计：精美 做工形式：细致 ,2024年4月20日
手串和田玉品质不太行安全金暴击，很好,2025年9月21日
手链很好看，足金够分量，物流也很给力，好评？,2024年11月12日
完美的商品,2024年6月10日
做的很精致，比我想象中的小巧一点，不错不错,2025年4月9日
很好看，值得买,2024年5月6日
该用户觉得商品非常好，给出5星好评,2024年6月12日
不错,2025年5月16日
包装礼盒：包装精美，送人特别合适 做工形式：做工精致 ，很精巧，亮眼 ,2024年4月28日
给老婆的礼物，包装精美，品质优良，值得拥有！,2024年5月13日
品质完好！款式精致！价格实惠！物流很快！服务热情！非常满意的商品！赞！,2024年4月23日
挺好的 送人的,2025年2月27日
收到的手串珠子颜色是随机的，颜色有深有浅。标配是12颗珠子，感觉有点紧，跟着教程加了一颗珠子。正好重新排了下颜色，很搭，喜欢～,2025年8月21日
这款宝贝看很久了， 最终下手了，超级喜欢，宋江客服服务态度很 好!! !非常推荐 ,2024年4月18日
@瑶客服，服务满意，手链好看，带上了,2025年6月15日
这款竹节手串特别好看！很有质感，寓意有意义，很不错！（客服也非常热情有耐心）,2025年7月27日
质量很好，妈妈很喜欢,2024年10月25日
回购的，还可以,2024年9月17日
珠子小了点，小姑娘手腕细戴的话应该好看。,2025年6月22日
整体评价：色泽挺好看的呀，克数比订单的重一点 包装礼盒：包装设计风格很喜欢 ,2024年4月21日
包装盒大气上档次，女朋友很喜欢，值得入手哦，亲们,2024年6月28日
很好看，跟镯子很配！,2025年5月19日
小巧，好看,2024年5月18日
好看喜欢喜欢💕,2025年9月8日
劝退。不到一半珠子 瑕疵严重 玉珠尺寸不够。请点开图片看 ,2024年7月6日
很棒的手链，非常满意！,2025年7月22日
该用户未填写评价内容,2024年12月1日
确实很好看，戴上去很有气质。,2026年4月6日
昨天买今天就到了，到手看很漂亮 ，大小尺寸刚刚好,2024年10月23日
设计不错，挺秀气的服务周到,2024年10月8日
给妈**礼物🎁，她非常喜欢，好物值得拥有！,2024年5月13日
作为一名消费者，我非常高兴地分享我的手链使用体验。这款手链真的非常出色，不仅设计精美，而且佩戴舒适。  首先，我要说的是这款手链的设计。它采用了简约而优雅的设计风格，无论是在日常生活中还是在正式场合，都能让我显得更加优雅大方。同时，手链的材质也非常高质量，耐用且不容易损坏，让我可以长时间地佩戴它。  其次，这款手链的舒适度也是我非常满意的一点。它的尺寸适中，不会过于紧或过于松，让我在佩戴时感到非常舒适。此外，手链的重量也非常轻，几乎不会给我的手腕带来任何负担。  总的来说，我非常喜欢这款手链。它不仅设计精美，而且佩戴舒适，非常值得推荐。如果你正在寻找一款优雅且舒适的手链，那么这款手链绝对值得你考虑。我强烈建议你去尝试一下，相信你也会喜欢上它的。  当然，每个人的喜好和需求都是不同的，所以在购买前，建议大家根据自己的喜好和需求来选择合适的手链。,2024年4月21日
蛮不错的，挺好看，俩人很喜欢，,2025年7月10日
整体评价：好 包装礼盒：好 外观设计：好 做工形式：好 ,2024年5月12日
大家可以看看，一个手串里面两颗珠子都是瑕疵，瑕疵还挺大，然后解决地也不好，自己就签收了，而且金含量也特别低，中国黄金是这个的半价，但是我没敢买怕不行，这个也不咋地，真的挺喜欢，就是瑕疵太大，我也懒得寄回去，换一个也不一定完美,2024年12月30日
特别好看 很秀气,2024年9月30日
东西还不错，下次还会购买！,2025年6月5日
挺不错的，送给妈**礼物,2025年5月17日
该用户未填写评价内容,2024年6月24日
这款宝贝看很久了， 最终下手了，超级喜欢，赵飞燕客服服务态度很 好!! !非常推荐 ,2024年6月7日
好看，但是觉得有点贵,2024年6月2日
妈妈很喜欢💕,2025年5月9日
发货快，包装结实，金手饰精致，寓意好，不错不错！,2025年4月18日
太喜欢这个手串了，很精致，和田玉质感很棒！很满意的一次购物,2025年8月27日
款式挺好看的，实物确实比较小，金重会多一点点,2025年7月2日
手串非常小巧，渐变色很有特色，玉珠色泽还可以，没有图片清透，有鉴定证书，额外赠送了2颗玉珠,2025年7月6日
很一般啦，性价比不高，自己动手买买串串可以便宜大几百，不推荐,2024年6月16日
美的美的,2024年10月2日
不错哟 女朋友很喜欢 价格也很实惠,2024年10月1日
该用户觉得商品非常好，给出5星好评,2024年10月13日
还可以，珠子大小正合我意,2025年2月18日
送朋友的生日礼物 很喜欢很好看！！！🤩🤩,2025年3月16日
商品价格美丽，质量优秀。物流快捷，商家服务热情，售后服务周到。,2024年9月18日
很好看，发货速度快！很适合长辈！,2025年5月19日
不错，就是珠子小了些,2025年6月11日
送朋友的，她很喜欢,2024年10月11日
母亲节送给妈** 她很喜欢 夏天戴着冰冰凉凉的 好看又比较低调,2025年5月10日
手链很好看，推荐购买🎉,2024年11月10日
手链收到啦，送给姐姐的，很好看，很喜欢～,2024年11月26日
该用户觉得商品非常好，给出5星好评,2024年6月16日
玉手链很美，跟我另一条放在一起也很搭，还送了额外的红绳和小耳钉。,2024年4月22日
给妈妈买的节日礼物，妈妈很喜欢～表扬陆游客服，服务态度很好～,2024年5月10日
好评，送媳妇儿的礼物，她很喜欢，适合日常。推荐购买。,2024年9月19日
售后很好 及时处理问题 东西很好看,2024年5月24日
手串精致漂亮 还暴击了一点 感谢天仙 苏东坡 貂蝉客服的耐心解答,2025年8月30日
挺好看的，戴着很显气质，手围格式,2025年6月2日
小了点，,2024年6月5日
客服解答问题特别好，讲的足够细致。产品也很好么，以后还会购买的！,2025年8月29日
和田玉温润，铃兰花精致，搭配在一起没得说，很美，送给自己或者送给朋友、妈妈，都很合适～我这个手串还是渐变的，好看喜欢，希望多做活动,2025年8月27日
买给朋友的礼物 礼盒很精致 配色很好看哦 寓意也很好！非常喜欢！,2025年7月7日
非常好看,2024年8月29日
非常精致，带起来好看,2024年10月9日
送给妈**母亲节礼物，送妈妈要选大珠哦，更好看一点。,2024年5月16日
整体看着挺不错的，克重0.77克，送了两颗替换珠。客服小七解答也很好，有问题都回复了，挺不错的。,2025年7月21日
产品非常好看 性价比高 很喜欢 值得入手 客服小姐姐（赵飞燕）很耐心，点赞👍,2025年6月23日
整体很不错 很喜欢 挺好看的 也比较实惠 瑶客服回复的很快,2024年6月3日
很好看，客服苏东坡服务很好，很快解决了问题,2025年8月26日
包装精美，时尚小巧，外观精致，做工很细致。物超所值，送人自己带都很合适。推荐！,2024年4月29日
包装礼盒：送礼合适 整体评价：如果送长辈感觉还是大珠子比较合适一些吧！ ,2024年4月29日
手链收到了，是我喜欢的款式，戴在手上很秀气，和镯子叠带也很不错，点名表扬小鸿客服，咨询问题的时候耐心解答，让消费者明明白白购物！,2025年8月28日
包装礼盒：重新串了一下，排了色，加了两个珠，还算满意 ,2024年5月11日
看上这一款很久了，线下找了好多个门店都没有货，正好看见旗舰店在打折，赶上黄金按件涨钱之前的最后一波，无论是叠戴还是单独佩戴尊嘟太好看了，可能唯一的缺点就是黄金和珠子之间容易磨损,2024年4月22日
很好看 万里挑一,2024年7月2日
很好看很秀气 就是感觉珠子小了一点 应该买大版的 ,2025年6月9日
客服后羿的服务态度真好，发货很快。商品质量也相当不错。很推荐哦,2025年9月2日
东西很漂亮，不亏是周大生！瑶客服服务也很好满意！推荐姐妹们购买。冲就完事了,2025年8月28日
东西收到啦，非常美丽，戴上显得人很温柔，表扬客服苏东坡，热情耐心～,2025年8月27日
漂亮 老婆很喜欢,2024年8月13日
整体评价：还不错 ,2024年4月19日
买小了，太紧了,2025年4月17日
妈妈喜欢,2024年5月27日
好看,2024年6月10日
好，母亲节妈妈喜欢,2024年5月12日
很不错，喜欢。,2025年1月28日
这款珠宝的设计非常独特，细节处理得非常到位。它不仅适合日常佩戴，也适合特殊场合，非常百搭。珠宝的包装非常精美，无论是自用还是作为礼物，都显得非常高端大气。总的来说，我对这款珠宝非常满意。,2024年9月21日
整体评价：非常满意 ,2025年6月19日
感谢陆游小哥的回复 让我对周大生更加认可,2024年5月17日
好东西，,2025年1月15日
质量不错，秀气高端大气上档次！,2024年9月6日
实物超级好看，客服瑶温柔细心，很不错的购物体验,2025年8月27日
👍这周大生两世欢和田玉足金手链真是美到我的心坎里了！这款手链采用了和田玉和黄金相结合的材质制作而成，不仅美观而且还很耐用✨很适合夏天～,2024年5月5日
买来送朋友的，很好看，希望她会喜欢！下次继续买,2024年10月25日
珠子太小太小了，实在是太小了、和图片相差太远,2025年7月1日
太小了,2025年8月9日
很好看哦，已经美美戴上了，和田玉的珠子比我想的还要小一点，很秀气，但我还是喜欢大一点的，等后面再去换个大的吧,2024年5月23日
货收到了，颜色与图片差不多，质感光滑，造型也还行,2025年9月1日
该用户未填写评价内容,2024年5月8日
该用户觉得商品非常好，给出5星好评,2024年5月20日
周大生手链非常漂亮，和田玉也很精致，戴在手上刚刚好！,2024年9月21日
整体评价：一般 外观设计：设计可以 做工形式：很粗糙 尤其是珠子颜色的排序很乱，太随意了，只能说远远低于预期，就好像着急忙慌珠子随意装上，大品牌的品控太差，这还是换货后的，第一次发的直接小黄金有缺口，不会来第二次，换其他品牌品控要比这号太多 ,2024年5月13日
珠子不大，女生带刚刚好，额外还有两颗未串，有需求可以自己加，宽松可调。整体还行！,2024年8月13日
送人的  说是挺喜欢,2024年5月9日
好看，戴着挺漂亮的，推荐购买,2025年6月18日
收到了，颜色款式大小都好喜欢，好喜欢，非常合适，非常满意，物超所值👍！因为超爱代言人任嘉伦而与周大生结缘，从此所有的黄金首饰只买周大生😄！因为爱所以爱❤️！感谢工作人员阿轲和关羽两位小姐的耐心指导讲解让我顺利买上满意的首饰！非常感谢🙏！,2024年8月5日
该用户未填写评价内容,2024年5月4日
不错  ,2024年5月22日
非常好看，很喜欢！送婆婆的,2025年5月17日
快递第二天就到了，实物很漂亮，送给长辈很合适，黄金是足金，809入的，可以参考对比下价格,2024年12月30日
该用户未填写评价内容,2024年11月16日
母亲节礼物，高端大气，很好看，送给妈**，给自己也买过一条小的,2024年5月1日
可以,2024年9月3日
东西挺好看的，还不错，后面有机会还会买。,2025年5月27日
很好的东西，做工很精致，很漂亮，给妈**礼物妈妈很喜欢，以后还会再来的,2025年2月12日
评价内容： 宝贝收到了， 商品做的很不错，超级喜欢，陆游客服服务态度很 好!! !非常推荐 ,2024年5月1日
不错哟，很精致，好看的,2024年5月23日
陆游解决问题很快,2024年4月20日
不错，配运动手环很适合,2024年4月24日
给朋友生日准备的,2025年6月13日
玉有点小瑕疵 要是都浅色就好看了 渐变不好看 溢价过高,2024年5月21日
包装不错，珠子小巧玲珑，戴着还是蛮好看的，可以和其他手链搭配着戴,2024年6月4日
整体评价：手链好看，快递太差 ,2024年5月24日
很好，老婆很喜欢,2025年2月19日
太适合叠带了，会送2颗珠子加弹力绳，自己动手穿了一颗珠子进去，很方便，有带周大生足金的字样，所以有可能是990，带了一段时间刻着周大生的字样摩擦掉了，不过光泽度还是在的,2024年4月28日
物美价廉，超级好看，比实体店便宜好多，简直太爱了，包装也很精美,2025年6月23日
金子上有一个缺口，品控极差！,2024年9月12日
好看,2025年6月27日
好看的寓意很好,2025年6月22日
很好的购买平台，质量不错，特别是有品牌的，值得信赖，狂铁客服棒棒哒！,2024年4月19日
整体评价：非常好 包装礼盒：很漂亮 外观设计：非常棒 做工形式：很哇塞 ,2024年5月11日
很满意 秒收货 大小正好 商家送了备用珠 线和针 非常的贴心,2025年8月28日
整体评价：重量合适，渐变色很好看，很好搭衣服，质量还不错，做工精致 ,2024年4月24日
整体评价：手链很喜欢，颜色很好看，显示0.75收到0.79赚到了，价格也合理，不错的购物体验 ,2025年6月19日
不错,2025年5月14日
莲蓬手串收到了，设计很独特，细节处理也很好，日常佩戴真的尽显温柔，大品牌值得信赖！,2024年10月22日
寓意好，样子新颖，玉珠品质也好,2024年4月21日
整体评价：上手好看，实物和描述相符 包装礼盒：高端大气 非常满意的一次购物，喜欢的姐妹可以冲，真的好看 ,2024年4月21日
好看的铃兰花手串 和田玉的品质也还不错 克重足 推荐,2025年9月16日
整体评价：非常好 包装礼盒：特别棒 外观设计：很漂亮 做工形式：非常哇塞 ,2024年5月11日
好看 珠子大小也正好,2025年8月29日
小版的秀气,2025年5月26日
包装礼盒：礼盒精致  外观设计：小巧玲珑 戴着好看 整体评价：挺好看  ,2024年5月12日
爱，无须多言,2024年5月28日
还不错,2024年9月15日
完美,2024年4月22日
相信周大生品牌才买的，下单1400多，结果收到货才两天时间活动降价400，今天打开一看又降价百来块，这结果真让人匪夷所思，真的怀疑打着周大生的大牌来坑害消费者！完全就是假货啊！,2025年5月19日
到货快 包装的很好 样式很喜欢 好评,2024年10月26日
该用户未填写评价内容,2024年5月17日
外观设计：好 包装礼盒：好 ,2024年5月12日
这款看了很久终于下手了，小花很精致，配上和田玉很美！,2024年7月13日
收到了，手链不错，带上也很好看，值得购买,2024年11月10日
喜欢 我爱了这个造型 而且金重也很重,2024年4月24日
手链已经收到 带上超级秀气 很满意 喜欢的姐妹闭眼入 冲冲冲,2025年7月1日
物流很快，大牌有保障。显手很好看,2025年5月10日
给婆婆买的礼物，很合适，很好看！60岁的礼物！,2024年10月25日
第一眼就相中这个了。一开始没货了，等了一两天补货的时候买上了。宝贝收到了，太喜欢了。感谢客服【苏东坡】，服务的好好哦。,2025年8月28日
太好了！非常满意这次购买的产品和服务。质量很好，价格实惠且物超所值👍,2024年11月5日
珠子很小的叠戴还不错，698入手的，拍完还没发货就涨价了，等什么时候降价了再入一款。,2024年4月27日
看起来还不错，皮肤黄。珠子还是浅色的好看。,2025年7月4日
整体评价：很漂亮 包装礼盒：大气 做工形式：很好 ,2024年4月29日
整体评价：超级好看 包装礼盒：礼盒💝包装，证书齐全 外观设计：莲蓬寓意很好 做工形式：做工精致 ,2024年4月28日
很漂亮的手链，原是打算送人的，看着都不想送出去了,2024年4月20日
很不错,2025年6月29日
送货速度非常快，双11的价格很美丽，关联是媳妇很喜欢，上手了更漂亮了！,2024年11月15日
整体评价：非常喜欢 包装礼盒：非常精美 外观设计：很是好看 做工形式：非常精致 ,2024年7月5日
好看，玉珠光泽饱满，适合送给妈妈,2024年11月4日
东西收到了，很好看，很喜欢，金光闪闪的。还送了礼盒，送礼很合适，很方便，下次再买，,2024年10月31日
买给自己的小手链祝自己工作顺利事事如意,2025年10月4日
整体评价：这个手链买来没有两个星期 现在上面上面黄金磕的是印子 这才多久就有印子了 对这个质量简直堪忧 毕竟也花了不少钱 又不是几十块的东西 真的别买 姐妹们一定要考虑好 不要盲目下单 ！ ,2024年7月1日
该用户未填写评价内容,2024年5月17日
包装很完美，颜值很高，感觉物超所值！客服也非常耐心细致，发货快物流给力，老婆对这个手饰爱不释手,2025年7月20日
该用户未填写评价内容,2024年6月16日
好看,2025年5月24日
颜色很清晰，收货很满意,2026年1月24日
好看，女朋友收到很开心，说很喜欢！ 樱花树下站谁都美，我的爱给谁都热烈，她的嫩手戴啥都香！不是因为我多爱，不是因为串有多绿，而是因为她很好！,2024年12月1日
颜色很清晰，收货很满意,2026年1月31日
很秀气，叠戴很好看，有周大生钢印，足金字样！,2025年6月16日
非常喜欢，很漂亮,2025年10月4日
送给长辈的生日礼物，产品很不错，客服陆游也很不错，回复很及时，会帮助我解决疑问,2024年6月1日
选了很久，很不错的一款，老妈也很喜欢，客服小玛瑙的服务也很好！！！,2024年5月11日
该用户觉得商品非常好，给出5星好评,2025年6月8日
好，非常好,2025年8月30日
整体评价：小巧精致，浅绿珠子配黄金竹节很好看，很适合现在的季节。珠子很有设计感，磨砂和两面结合，加上两片竹叶，很灵动可爱，客服处理问题很快也很专业 ,2025年6月12日
整体评价：比预期的还好看嘿嘿，珠子很小颗，很精致满意 ,2025年5月19日
很好看的手链  还有礼品袋子 很好哦,2024年9月17日
不错的产品 还会继续支持,2025年1月10日
挺好的女朋友很喜欢,2024年11月13日
很一般，就是买了个品牌，性价比不高,2024年6月16日
看着还不错，细珠子适合年轻人带，价格不贵，性价比高,2025年5月11日
金镶玉手链收到很喜欢感谢小七客服,2025年8月30日
该用户未填写评价内容,2024年11月17日
不错,2024年8月17日
买了这款的铃兰和竹节，却发了机构不同的两张证书！如果同样材质的金和玉为什么要这么操作？而且包装极其简陋，现在金价这么高，一撕就开的快递盒子哪里像珠宝首饰应有的标配？而且价格过山车，先买的竹节八九百多，后买的铃兰六百多……不保值，大家避坑吧,2025年9月11日
感觉可能有点老气了,2024年7月3日
送给朋友的生日礼物，好看秀气，她很喜欢～,2024年9月3日
挺好,2024年5月10日
该用户未填写评价内容,2024年6月3日
毕竟大品牌值得信赖，整体确实比较偏小，比较秀气，金子不到1克，买了2个凑了满减，还算划算，客服态度很好，送的也有备用玉珠和弹力绳！有钱的话还是建议买大款哈！,2024年6月5日
坑的死，价格随意浮动，**店铺,2025年6月2日
"这条手链真的非常好看，设计精美,佩戴舒适尺寸适中，戴的时候不勒手",2024年5月23日
挺好的,2025年10月15日
好，媳妇很喜欢。,2024年5月25日
该用户未填写评价内容,2024年9月8日
梦溪客服很有耐心，产品也是很不错，喜欢喜欢,2025年7月9日
妈妈很喜欢，赞！,2024年5月11日
和宣传一致，制作精良。 ,2024年11月13日
金子非常有光泽 带上很显白  已经送人了 不错,2024年10月23日
很好看，还送了耳环,2024年10月26日
收到货了，质量很好，戴上了，大小刚刚好，,2025年1月10日
送朋友的礼物，手链收到看起来还不错，就是感觉有点紧,2025年6月21日
实物和图一致，戴上非常好看，下次还会回购,2024年5月24日
小巧玲珑又清清爽爽和夏日很配哦，竹节寓意也很好喜欢,2025年6月14日
该用户未填写评价内容,2024年6月3日
该用户未填写评价内容,2024年10月25日
该用户未填写评价内容,2024年7月6日
该用户觉得商品非常好，给出5星好评,2024年10月24日
闺蜜很喜欢～非常合适！满意满意！,2025年1月16日
宝贝很好很漂亮 客服赵飞燕也很好 积极帮忙解决问题 ,2024年4月19日
看着还可以，比较小巧精致,2024年8月14日
挺好看的,2024年11月9日
该用户未填写评价内容,2024年5月7日
赶紧下手吧姐妹们，美哭,2024年4月30日
太差了，没带两个星期，珠子发给，吊坠也发黑，不知道真假！！！！实物非常小,2024年5月6日
整体评价：一眼钟情 佩戴体验：正合适 产品性价比：可以 产品质量：好 外观设计：好看 梦溪客服态度好，值得购入交流起来挺开心的 ,2025年6月4日
好看，是真的和田玉，金重量够，是标注的克重，真好看,2024年10月6日
很好看 女朋友很喜欢 有点瑕疵 但是客服赵飞燕服务态度很好 积极帮助解决问题 好评好评,2025年7月30日
非常美丽！质量也很好，客服服务态度也巨好！非常喜欢！戴着也很美丽！,2024年12月10日
好看，还送了两个珠子，夏天戴这个和田玉的绿色真的很清新，安利,2025年6月19日
很好看，珠子比预想的小一点点但是刚好和我另一个还挺搭，喜欢😍,2025年4月28日
送孩子的 品质很好 孩子很喜欢 色泽也不错,2024年10月25日
好看~~~,2024年5月28日
很好看，自己还加了一片四叶草🍀,2025年3月13日
好看,2024年11月5日
包装礼盒：可 ,2024年6月16日
黄金，自古以来便是富贵与权力的象征。当它与和田玉结合，便如同金玉良缘，将奢华与古典完美融合。黄金的璀璨与和田玉的温润相得益彰，既展现了黄金的华美，又不失玉石的内敛，两者相辅相成，尽显佩戴者的高雅品味。       这不仅仅是一件饰品的描述，更是一种情感的寄托。它象征着跨越时空的爱恋与承诺，如同两颗心的永恒相连。,2024年10月1日
样式很惊艳，是真的玉，戴起来好看，好事莲莲寓意也很好，有送两个珠子，礼盒装送人也挺好,2025年6月21日
老妈非常喜欢，推荐给大家，看起来很高级，喜欢的可以冲，不用犹豫,2024年8月20日
该用户未填写评价内容,2025年7月26日
该用户未填写评价内容,2025年6月20日
该用户未填写评价内容,2025年7月13日
该用户未填写评价内容,2025年9月7日
好,2025年9月9日
该用户未填写评价内容,2025年9月14日
顺丰物流👍赠的弹力绳太短了……,2026年4月15日
评论,时间
有送串绳，弹力的是真的和田玉小珠子，很好看，冰冰凉凉的，买来穿手串很有创意，戴着搭配衣服！,2026年3月28日
包装的非常精致 没想到买了几颗珠子 包装也是这么好 珠子看着是不错 喜欢 在买点穿个手串,2026年3月11日
这次有一颗不太好，阳光下棉絮比较明显，不妨碍使用！第四次购买了，优惠价购买很划算了！,2026年3月8日
是真的和田玉小珠子，很好看，冰冰凉凉的，买来穿手串很有创意，送人也合适！,2026年3月28日
这是我发现的一家宝藏店铺，东西质量相对稳定，比很多家的品质都好，不用担心东西差异特别大，赠品也多，仪式感满满，值得购买，项链是之前在他家拍的8mm珠串的，很有品质。,2026年3月27日
很透，很亮，银珠子太小，提溜会到处跑，正好用这个来固定一下，也不失灵动，商家超级好，根据买家需求可以选择，多退少补，很人性化，点个赞！👍后续看情况可以在他家买一串珠子盘来玩儿。,2026年3月19日
自己搭配做手串特别好，店家也很用心，送了很多东西非常好用。满意满意,2026年4月10日
卖家的包装很用心，很精美，珠子也看上去很光润。,2026年4月1日
尺寸刚好 小巧的很好看 物流也很快颜色也很好看  ！！！,2026年3月31日
整体评价不错，先买的绿色的玉珠子配玛瑙，到手觉得不好看，卖家又给重发的白色。包装很精致有品味， 尺寸大小拍出来的比实际的显大，我买的盘缠金配的，自己还是很喜欢的。,2026年3月29日
珠子是6毫米的，尺寸刚刚好带着很舒服，产品性价比很高，一串下来不到一张，还不错，推荐购买 ,2026年3月28日
终于买到颜色和大小都喜欢的珠子，串上竹节，很好看！客服很耐❤️，好评！,2026年3月10日
玉还是很通透，上手冰冰凉，很好看，开始有点小瑕疵，客服很好的处理了，超级不错，下次还来买,2026年3月22日
第一次买和田玉珠，对比了好多家，这家特别多的好评，看了评论区感觉颜色是我心仪的！所以果断下单。收到货后看了一下，玉石圆润饱满，色泽透亮。直接就是一个大大的好评！,2026年3月17日
发货很快，珠子也没有问题，感觉自己买小了。,2026年4月13日
真的太喜欢啦，正准备在下两单好做一整条手串，喜欢的亲下单吧,2026年4月11日
玉珠看上去挺漂亮的，挺有光泽度的，包装也很漂亮。,2026年4月9日
这个颜色我还是很喜欢的。品质一如既往的好。,2026年4月8日
物流很快，珠子的品质很好。一点都不差，超级满意。还会再来继续追加好评。,2026年4月5日
很好看 颜色很清透 一串还稍微有点大 准备自己加一些配件重现串一起 ,2026年4月3日
客服认真沟通，满足我的需求，耐心解答，给我搭配好想要的渐变色，品质很OK。,2026年4月2日
今年本命年所以想买一串玉首饰佩戴，自己也不懂玉，所以一下买了4家回来做了对比，最后选了这家，同等价位珠子会更透一些，上手冰凉感最强，也让豆包帮忙鉴定了一下，物超所值，再加上客服服务也是这四家里面最好的很热情，所以就留了这家，因为我比较喜欢戴点绿色的，所以选了晴水，日光下越看越喜欢，晚点还想给妈妈买一串湖绿,2026年3月2日
佩戴体验：适合男生，19颗珠子大小正好。 佩戴效果：戴起来精美。 款式外观：碧绿色很好看。 做工材质：很圆润。,2026年2月28日
值得信赖的商家，拍了两天就降价了，跟客户说了，就退了差价，谢谢商家，和田玉珠子很通透，很喜欢，满意的一次购物,2026年2月26日
珠珠成色看起来不错的，真假没去鉴定，真的好的话还会再买大一点的……实物比照片更好看些,2026年4月8日
好看，真的很好看。看着特别温润，很吸睛😍,2026年4月4日
一串自己戴，一串给闺蜜，珠子细腻，大小正合适，超级喜欢。,2026年3月2日
品质不错，白净油油润，有证书还送了一些小配饰。,2026年3月13日
拿来穿手串的，还不错，整体看上去没什么大问题，颜色也还挺好看的。,2026年3月13日
搭配转运珠穿手串，还不错，4mm的比我之前买的同尺寸的小一点。,2026年3月13日
和6mm的绿檀珠子搭配还是很好看的。,2026年3月30日
珠子很漂亮，跟沉香穿在一起非常好看，太满意了～,2026年3月27日
三颗好料，圆润光滑，色泽鲜丽。,2026年3月27日
做工很精细，客服服务态度也挺好。会补发遗漏的小配件。以后能多多做活动价格再优惠就更不错啦。,2026年3月27日
二次回购，头一次感觉买小了，这次拍大两号，挺好很有质感高级还会回购点赞👍,2026年3月10日
好小，还算漂亮，绿色比起图片中要浅一些，做工精细吧也,2026年3月10日
珠子还不错，挺透的，再绿一点点就更好看了,2026年3月26日
珠子白色半透明，光泽度可以，大小均匀．,2026年3月25日
刚开始买了6mm虽然很舒服很漂亮，但还是感觉太小了，马上换了8mm，把金珠串进去了。舒服！漂亮！,2026年3月23日
看我编的，我感觉比金店里编的还好看 我买的尺寸比我在实体店买的小了一些，颜色也浅一些，但是挺和谐的,2026年3月7日
这个品质物美价廉，摸着很有质感。我刚入行也不太懂，看这颜色很匀净，喜欢。,2026年2月25日
玉色自然柔润，手感冰，尺寸合适。,2026年3月21日
非常好看的颜色，搭配我的小猫咪特别好看！就是颜色有点差次不齐>_< ,2026年3月6日
真的要被美惨啦～而且包装超级精致 太好看啦！！,2026年3月20日
我选的晴水绿，颜色很正而且没有杂志，商家还送了些配件，很有心了。我串了自己的金珠，是超喜欢的款式，很抬肤色👍🏻,2026年3月20日
收到手串了，搭配了黄金小配件。和我的黄金手串更搭配了。,2026年3月20日
很好看 颜色很正串手串很漂亮  用来叠带,2026年2月24日
包装精美，串珠无坑，圆润手感好。,2026年3月18日
珠子挺好看的，就是买小了，还送了赠品。,2026年4月13日
珠子颜色好看，没有色差，也没有黑点，总的来说还可以吧,2026年4月12日
挺好看的，比较圆润，来的包装也不错，还有赠品,2026年4月10日
发货挺快的，颜色是我想要的，配上我的小珍珠能挺好看的。有需要的话再来,2026年4月10日
做工精细，温润可人，甚是喜爱。,2026年4月9日
佩戴体验：非常好 尺寸大小：合适 产品质量：非常好 做工材质：非常好 很漂亮做工非常好,2026年3月1日
大小很合适  颜色也是需要的浅色   很好看,2026年2月13日
珠子还是很不错的买了几次，哈哈哈，自己编织的半山半水的款式 ,2026年4月2日
算是质价相符，戴着玩玩还行吧。,2026年4月2日
珠子很润很光滑，加了点金，搭配完效果不错。,2026年4月2日
搭配沉香穿了两条，感觉随便穿穿就挺好看的,2026年3月11日
买来穿小葫芦的，大小合适，非常好看。小珠子里面有一些棉絮，有一颗珠子不圆扔掉了，但整体还不错，赠了一个沙金挂坠。同时买了一串小猫眼，配金子感觉不如这个好看。,2026年3月9日
漂亮漂亮，自己做手工的好材料，打了紫外线没有荧光哦,2026年3月9日
买来当配珠的，尺寸合适，颜色也好看，很喜欢,2026年3月26日
八详梦的包装一直都很好，珠子也很优秀。,2026年3月26日
自己配了点小挂件，非常喜欢哦，手臂粗的建议买大一号，我的是8MM,2026年3月24日
第一次买的颜色和想要的不太一样，客服很耐心很好，帮我做了换货挑选更接近的，加了几颗之后更适合自己的手围啦，满意,2026年2月10日
很漂亮，穿成链子了。珠子无瑕疵，颜色均匀。,2026年3月22日
珠子质量很好，和银饰穿一起很好看，挺喜欢的,2026年3月6日
虽然每一批的颜色不一样 但是客服服务态度非常好 还给赠送了小礼物,2026年3月19日
珠子饱满圆润，颜色也不错！店家送了好多东西，还有养护用的茶油！,2026年3月19日
珠子收到了，颜色好看很满意，跟客服说想多买一个也很爽快,2026年3月17日
很满意，用来作配珠的，大小均匀，细腻光滑。,2026年2月13日
刚刚完成 和田玉颜色浓郁 有光泽 大小一致,2026年3月14日
非常好 值得购买物美价廉物美价廉物美价廉物美价廉物美价廉物美价廉物美价廉物美价廉物美价廉物美价廉非常喜红 不错,2026年3月14日
用来当手绳的小珠子，挺好看的，很迷你最多只能串0. 8mm的线,2026年3月14日
整体评价：很润很好看 佩戴体验：很滑溜水头好  产品性价比：挺高的啦 款式外观：好看好看 ,2026年3月13日
和田玉珠子很漂亮，很润，很满意的珠子,2026年4月13日
包装用心，配件齐全，珠子挺透亮，性价比高。,2026年4月12日
这也太好了吧 几个珠子包装非常给力！还有好多小赠品,2026年4月10日
尺寸合适 颜色正 质量好 物流快包装好,2026年4月5日
蛮清透的，很好看，品质可以的，是会回购的类型，推荐！,2026年4月3日
不错，紫是比较浅色系的，是我要的，自己手串手围有点小了，加两颗珠子,2026年4月2日
和田碧玉珠质量我感觉还是挺好的，基本上墨点看不清楚，戴着很漂亮，我很喜欢，推荐哦,2026年2月10日
宝贝已收到，回头客，颜色漂亮，无色差。,2026年3月28日
还行，性价比挺高的，很圆润，包装严实，送的东西也很漂亮,2026年3月28日
看着还不错，配上自己买的金珠和送的招财猫，还挺好看呢。,2026年2月24日
好看，颜色也好，自己串起来的 ，价格也不贵,2026年2月24日
超级美丽，已经和我的手链编在一起了～还回购了一次！！！,2026年3月24日
可以串个手链了，细腻油润很不错的样子。,2026年3月6日
用紫光灯照了，真的。颜色好看，配点饰品点缀，刚好够两串手串，送朋友一串，满意 ,2026年3月6日
看着还不错，有质感，适合日常戴,2026年3月22日
物流很快，颜色正，已经编起来了，下次我再买点深水，搭配起来也好看,2026年2月22日
嗯呐！满意！自己配了个渐变色，超喜欢！本来还买了菠菜绿，回来无法接受矿点，就退了。,2026年3月4日
玉质通透，很好看，在商场里面也试了一下同样的，网上买的更有性价比，会继续回购。,2026年3月3日
非常好，颜色均匀，大小一致，配了金饰,2026年3月18日
买的深水晴，颜色特别好看，搭配沉香串手串，很大气，发货很速度，快递包装也很好。,2026年3月2日
本来很担心是不是真的，到手发现真的很好，颜色好看，色泽温润，独立包装很精致。非常满意的一次购物🛍️,2026年3月1日
珠子非常晶莹剔透 客服态度也很好 非常满意 ,2026年3月15日
挺好看的，真假什么的我也不会区分，挺透亮的,2026年3月14日
珠子很好，和蜜蜡很搭，包装也超级棒 支持！,2026年3月14日
珠子和银饰穿一起了，看着质量挺好，穿起来挺漂亮的,2026年2月28日
做工精细，浅绿色，很清新的色调，包装也非常精致,2026年2月10日
珠子特别好看，大小合适，搭配好,2026年3月13日
✨手链珠子大小均匀，光泽度也还不错呢~💡戴着挺舒服的，没有硌手的感觉，日常搭配衣服很合适。,2026年2月27日
超级喜欢这款手串，每颗珠子都很圆润光泽,2026年4月13日
珠子挺好的比较润，孔道正没有杂质 ,2026年4月12日
自己搭配金珠串的手链超级好看，好喜欢，以后会再回购diy更多的手链,2026年3月11日
自己串的，非常好看！珠子颜色也很正,2026年4月5日
真的很好看很喜欢 珠子很透 喜欢的干净下单啦！,2026年2月25日
买了很多，每一颗都很好，基本无瑕。,2026年4月3日
非常貌美啊，自己搭配了一下，好看好看,2026年4月2日
  还不错，成色均匀温润 ，性价比高，日常佩戴合适。 ,2026年3月9日
包装很精致，珠子也挺润的，好看喜欢,2026年2月15日
做工精细，成色很好，自配金饰，完美,2026年2月24日
独立包装，包装挺好的，珠子也好看。。。,2026年2月24日
还不错，喜欢， 尺寸大小：合适，很好  ,2026年3月29日
尊的很不错，自己搭配了金饰，喜欢😍,2026年3月26日
做工很精细，每颗珠子都很润，产品性价比比较高。,2026年3月5日
白珠子和顶珠是我自己的，其它渐变色色刚配的，很喜欢！,2026年3月4日
除了颜色稍微有点淡了，其他的还可以吧,2026年3月22日
整体评价：挺好的 颜色好看 佩戴体验：非常好 百搭 产品性价比：非常好,2026年3月3日
还可以吧，就是有色差搭配珠子好看,2026年3月20日
搭配我的珠子很合适，就是颜色不一,2026年3月20日
✨这次买的和田玉散珠真的太惊喜啦！🌟珠子圆润饱满，光泽感十足，摸起来特别温润。💎和商家描述的一样，确实是收藏级品质，每一颗都很均匀。😊戴在手上气质瞬间提升，朋友见了都问链接呢！,2026年2月10日
无限复购，先屯着，想做什么的时候马上可以做。,2026年2月3日
haibucuo，带起来挺好看的,2026年3月16日
珠子晶莹剔透，光滑细腻触感微凉，送的附件也很好，商家很细心，还附赠了保养说明，赞👍🏻,2026年2月2日
很漂亮 整体评价每个颜色几乎没有色差，很漂亮,2026年2月27日
真的好好看 ，质感超级棒，而且送了很多保养事宜的说明书卡片等，真的很用心了,2026年2月26日
珠子颜色均匀，颗颗都水润冰透，配上自己的小金珠和桃花，上手很谢肤，非常喜欢。,2026年1月26日
配金珠太好看了，一定要买大珠子，更大气一些,2026年2月15日
包装完好，商品打开也没有破损，和田玉的颜色好看，下次有需要在回购。,2026年1月31日
挺好的，颜色也好看，喜欢喜欢喜欢,2026年3月10日
挺好看的，售后服务也不错，很积极,2026年3月8日
白净温润，甚是喜爱，可盘可戴。,2026年3月8日
浓郁的菠菜绿，油润油润的，喜爱呀！,2026年3月8日
买了几次了，还是可以的，产品也还是不错的，做了两个手链纯的,2026年4月2日
挺喜欢这个颜色的，跟我的金子也很配，喜欢喜欢，珠子质地特别细腻,2026年1月23日
很漂亮的小珠子，店家还贴心的送了护理液，推荐,2026年2月11日
回购第二次了，很漂亮，墨点基本上是看不太出来的，有证书的哦，客服也很好，,2026年2月11日
卖家服务态度很好，耐心推荐，实物也很漂亮，包装盒很精美,2026年3月26日
整体评价：不错 产品性价比：高 产品质量：好,2026年2月10日
买来自己加点黄金，很好看，很喜欢,2026年3月23日
温润如玉，白玉还是有白玉的美。,2026年3月3日
珠子品质不错，很润，非常适合diy,2026年3月2日
颜色碧绿，水头也可以，性价比高。,2026年2月9日
买回来配我的绿松石的。我觉得挺好看的。珠子颜色是我想要的。什么时候再配一串颜色渐变的,2026年1月20日
手串颜色很喜欢，美中不足的是有几颗有黑点，但无伤大雅，有一颗表面有磨损，客服给处理了,2026年1月31日
收到货和朱砂一起做了条手链，珠子真的很水润，价格也实惠，推荐,2026年1月31日
做工很好，保养教程也有，包装精美,2026年2月27日
挺好的买来做顶珠,2026年2月27日
每颗珠子都贴了标签，写明是哪个颜色，非常醒目。 颜色都好看，珠子圆润,2026年2月7日
珠子圆润透亮，客服服务耐心，推荐购买。,2026年2月26日
特别好 包装精美 值得购买物美价廉物超所值还会复购 珠子颜色很好看,2026年1月30日
整体评价：好看 佩戴体验：冰冰凉凉的 尺寸大小：串手串需40颗左右 款式外观：非常喜欢,2026年2月25日
不是很懂，但是看起来很温润的感觉，只买了三颗包装也很用心，有需要的会再来,2026年1月18日
非常好看！！！！！ 玉很细腻！！！！ 超级好！！！！！！！,2026年2月4日
整体评价：珠子圆润有光泽，非常好看哦。我的手腕比较细选择6㎜的正好，8㎜的觉得也能行。,2026年1月17日
还可以，就是颜色不太均匀，买了好多次了,2026年2月11日
太漂亮了,2026年4月9日
珠子收到，完美！非常喜欢！,2026年4月4日
买来自己diy穿串的，8mm女生戴刚刚好，玉很好看,2026年3月6日
比较润，做了耳线，准备再买一串手串,2026年4月2日
啊啊啊啊！感觉自己可以去卖串儿了，我觉得我搭的超好看！,2026年3月4日
小伙伴们都夸我陪的好看！哈哈哈哈哈！我自己也超爱！,2026年3月4日
拿到实物珠子看着确实很不错，每一颗都挺润的 已经串好啦,2026年3月27日
颜色看着很润，很细腻，我不太懂玉，但是觉得蛮好看的,2026年3月2日
整体评价：越看越喜欢，珠子很透，还有贴心的保护珠子的 尺寸大小：合适 产品性价比：有配件不错 产品质量：感觉珠子很润，里面有纹路 ,2026年1月24日
图一是原本的样子，图二是客服推荐珠子颜色大小后自己重新串的，一万分满意的啊,2026年1月18日
非常好看 搭配蜜蜡108 玉珠让串不单调 整体变得素雅,2026年2月6日
第二次购买，小珠当隔珠用，温润精致，一如既往地喜欢。,2026年1月23日
还不错，颜色很好看百搭显白，是和田玉，很满意后面再买其他颜色,2026年1月29日
这玉珠真是太美了，颜色和质地都超级棒！😍戴在手上感觉特别舒服，而且非常百搭。真的是物超所值啊,2026年1月29日
宝贝收到了，我diy做的半山半水，串起来很精致。,2026年1月17日
看着不错。大小合适。穿个手链刚刚好。,2026年1月17日
质感很好，很亮堂之前买过几次了，准备凑20个串，一个手串，配上我的黄金小猫 ,2026年1月12日
快递速度可以   珠子摸起来手感不错   比较推荐,2026年2月25日
佩戴体验：不错 产品性价比：超高 款式外观：很喜欢的颜色,2026年2月25日
珠子除了个别几个以外，大部分还是不错的，看的出来是挑选过的，配我的花丝金珠看起来很有质感，带着也好看。,2026年1月7日
买了三种颜色的和田玉珠子，跟银子串在一起，很喜欢。质量不错，虽然小但是挺通透的，很满意,2026年1月21日
东东收到了，挺好的，小小样样，美观大方，质量很，我喜欢物美价廉,2026年1月27日
质量很不错，没有瑕疵，配串很好看，带上很好看。,2026年1月27日
第二次回购了，东西很不错，值得推荐,2026年3月14日
好看，自己串起来戴的，价格也不贵。。。,2026年2月24日
整体评价：很好 佩戴体验：很润 产品性价比：高 款式外观：好看,2026年2月3日
手串珠圆玉润，色泽适合我的年龄，非常满意，五星好评！👍👍👍,2026年2月3日
不错，喜欢，回来就编好了，果断再买！,2026年3月13日
很好，跟我在金店配的一样，颜色都没色差，必须五星好评,2026年2月23日
很不错很好啊嘻嘻 产品性价比：很高,2026年2月2日
没有色差，很漂亮，还送了配饰，很满意,2026年2月2日
二次购买…珠子不错，优惠价购买的！,2026年2月9日
珠圆玉润，挺好的，搭配黄金很漂亮，我很喜欢这个珠子。,2026年3月8日
很润，质量很好，搭配手链特别合适,2026年3月8日
记不清买几次了，一如既往的好，满意。,2026年1月31日
这个羊脂白珠子颜色正宗，奶白奶白的，没有其他杂质，收到的包装也很好，还有个首饰盒膜装着，挺好的，下次继续买,2026年1月8日
无限复购，像着了魔一样，太喜欢了。,2026年2月8日
✨这款和田玉真的超出预期啦！拿到手就被温润的光泽惊艳到，摸起来细腻光滑，完全和描述的一样～💫雕刻的花纹也很精致，线条流畅自然，一看就是用心之作。佩戴起来气质都提升了不少，朋友见了都问链接呢！🥰,2026年2月7日
超级好看，还送了小礼物！,2026年4月9日
看着不错看着不错看着不错,2026年4月7日
珠子还可以 挺好看的 如果编红绳还是选8mm的吧 6mm的洞太小了 太费力穿进去了 但整体来说是好看的,2026年1月22日
买来绑竹节的，卖家送了专门穿珠子的，希望持久点，不会断 ,2026年2月6日
喜欢，中国古典美，所谓温润如玉，硬度高，能刮花玻璃。,2026年1月16日
实物比拍出来的好看非常喜欢推荐大家购买哦,2026年3月31日
宝贝不错的，做成手链很美观，推荐,2026年1月28日
客服态度很好，本来买错尺寸了，但是过七天无理由了也可以换货，珠子很好看,2026年1月28日
挺润的，搭配了金珠，好看的！下次可以再来买小珠子，串个项链,2026年1月21日
一般般，有杂质，有裂纹，几乎每颗都有，总体戴着还行，外关还是好看的,2026年2月15日
珠子的颜色成色很好看，珠子也光滑细腻，和我的小配饰搭配～～～,2026年1月10日
每款都是精品 值得回购,2026年3月27日
他们家买了好多，都很喜欢，这个也很棒！,2026年1月27日
珠子很不错，配上很好看，物流也蛮快的，棒。,2026年1月27日
珠子和银饰穿一起，真好看，挺喜欢的,2026年2月28日
实物收到，比预想的好。又加购准备自制手链,2026年1月20日
分批次买了好几回，颜色很好看，价格合适~支持购买,2026年1月14日
色泽精美，感觉买小了，不过可以搭配着珠子串,2026年1月25日
整体评价：挺好的 佩戴体验：温润 佩戴效果：好看,2026年1月25日
包装超好，就是小珠子孔比较小，注意一下,2026年3月18日
强烈推荐给大家！ 编出来非常的满意,2026年1月17日
珠子质量很好，和手链搭配合适，非常满意，推荐推荐,2026年1月17日
还行吧这个，戴起来冰冰凉凉的，珠子没什么瑕疵,2026年1月17日
搭配我的珍珠很漂亮。这个包装商家非常用心，购物体验感太棒了。珠子看上去很润，很干净。,2026年1月11日
宝贝已收到，东西不错，色差不明显，跟网上学的方法验了一下应该是玉的。,2026年1月16日
这次小珠还没想好做什么，先买着。,2026年2月8日
包装有品味，质量可以，需要的放心买。,2026年1月22日
整体评价：购物体验总体非常好，客服十分有耐心，售后处理也很好，发错了立马补发了，还多给了我两套线 佩戴体验：滑滑的冰冰的 尺寸大小：6mm孔稍小，结打紧一点,2025年12月28日
颜色均匀，比较沉有份量，等我的玉貔貅到了就串手链，应该很好看,2026年1月15日
珠子特别不错，配金配银都好看，注意买的时候珠数买够，不然不同批次略有色差,2026年1月28日
该用户觉得商品非常好，给出5星好评,2026年3月7日
刚串好很好看超喜欢的戴手上显白,2026年2月17日
整体还行  ,2026年3月6日
玉挺满意的，颜色喜欢奶白奶白的，大小合适，卖家服务态度极好,2026年1月13日
发货速度特别快，包装也特别严实，珠子质量挺好的，还有小赠品，还会继续光顾这俩,2026年1月19日
买过一串了，这次是想改善一下缺了几颗，赶紧补上，一如既往的满意,2026年2月4日
珠子很好，价格实惠，发货速度快，非常满意这次网购,2026年1月7日
收到货觉得很满意，我喜欢，包装也漂亮,2026年1月12日
质量很过关，品质优保障，相当不错的选择，好多朋友看我用都想买，我都推荐了。,2026年1月12日
还不错，和自己买的的金编在一起了，很漂亮，还送了一些装饰，就是6mm确实很小哈哈哈和之前买的8mm没得比 产品性价比：还可以,2025年12月29日
质量好，颜色好看,2026年3月2日
该用户觉得商品非常好，给出5星好评,2026年4月10日
非常好  老客户了,2026年4月9日
我才到货穿的送了很多配件 感觉还不错 珠子品质不错 比较润,2025年12月25日
配了几颗吉言盘缠，感觉非常不错，喜欢。,2026年2月13日
配上我的小金珠，非常棒拍了四单！,2026年1月17日
加了些金子，不错，又下单了一串卡10的,2026年1月24日
珠子收到了，拿到手里很有质感和分量，盒子包装精美，看的出来商家做的很细心，有还有保养手册擦珠布穿绳等一些小配件，期待成品.,2025年12月24日
已经买过好几次了，串了一个手链，很喜欢。,2026年2月27日
包装很好，串手串上很好看，性价比高推荐,2026年1月23日
颜色均匀，4mm大小正好，服务态度也很好，好会再来,2026年1月16日
整体评价：好 佩戴体验：好看 产品性价比：hengaoq,2026年2月11日
收到挺好的 还送了工具可以手串自己串,2026年2月10日
超级喜欢。真的太漂亮了。自己搭配了珠子 ,2026年1月22日
做工精细很不错的！包装精美大方！,2026年1月15日
还可以，颜色挺漂亮的，还送了别的,2026年1月21日
不错，颜色很好看，准备做个小手链戴戴,2026年1月21日
挺不错的，当时寄过来啊，安装得挺精致的，还送了弹力绳，还有一个油,2026年1月14日
特别好的客服，态度非常好，选好给我拍照，有几颗颜色有色差，很痛快的给换了，很满意，还会再来回购的。,2026年1月3日
挺好的珠子，做diy用的，品质还阔以，比较推荐吧,2026年1月8日
珠子质量非常好，品质不错，价格也便宜,2026年1月13日
非常好,2026年3月12日
整体评价：很好看 佩戴体验：很舒适 尺寸大小：大小合适 佩戴效果：好看好看好看,2025年12月27日
珠子挺好看 有需要会回购 可以多穿点  ,2026年2月3日
很不错的很满意颜色好看很喜欢的  ,2026年1月24日
喜欢喜欢，润润的,2026年1月24日
好好好好好，值得购买，价格实惠。,2026年1月16日
用金珠搭配串成了串，非常不错，挺好的,2026年1月9日
包装的非常好 珠子很漂亮 很喜欢 强烈推荐,2025年12月25日
搭配生肖朱砂来串串的，配起来很好看哦，冰冰凉凉的，喜欢。,2026年1月8日
发货很快，包装也不错，珠子品相也可以，期待diy后的样子,2026年1月21日
宝贝已收到，大小色泽均匀，粒粒饱满，快递非常给力，非常满意的一次购物。,2026年1月1日
搭配我的金饰很好看,2026年1月29日
买了15个，怕不够。又另外拍了5个，自己有13个小金珠子。串好了上手很喜欢。,2026年1月29日
尺寸大小：大小挺合适，适合女生 产品质量：颜色很好看,2025年12月31日
一个黑点没有，很干净，商家用心给我选，完美的一次购物。,2025年12月22日
比别家买的要好一些，服务态度很好，值得拥有。,2025年12月30日
第一次网上买手串，整体感觉还不错👍🏻,2025年12月30日
很透，也很润，很喜欢，值得推荐购买,2026年1月26日
珠子很圆润，选6mm感觉小了一点，配我的珠珠串大小刚好，下次再买大一点的珠,2026年1月9日
小玉珠很漂亮，青绿色圆圆润润的，用来配手串完美,2025年12月18日
